test_id,Day,Demand,holdingcost,orderingcost
1,1,76,1,657
1,2,10,1,657
1,3,42,1,657
1,4,79,1,657
1,5,31,1,657
2,1,48,6,343
2,2,66,6,343
2,3,97,6,343
2,4,25,6,343
2,5,15,6,343
3,1,26,2,567
3,2,4,2,567
3,3,28,2,567
3,4,49,2,567
3,5,28,2,567
4,1,9,1,288
4,2,66,1,288
4,3,98,1,288
4,4,23,1,288
4,5,21,1,288
5,1,18,6,748
5,2,22,6,748
5,3,80,6,748
5,4,26,6,748
5,5,90,6,748
6,1,20,10,511
6,2,66,10,511
6,3,20,10,511
6,4,100,10,511
6,5,11,10,511
7,1,88,5,162
7,2,44,5,162
7,3,22,5,162
7,4,68,5,162
7,5,43,5,162
8,1,31,7,977
8,2,11,7,977
8,3,61,7,977
8,4,21,7,977
8,5,66,7,977
9,1,54,3,136
9,2,71,3,136
9,3,64,3,136
9,4,95,3,136
9,5,43,3,136
10,1,72,6,400
10,2,89,6,400
10,3,97,6,400
10,4,28,6,400
10,5,61,6,400
11,1,57,7,417
11,2,16,7,417
11,3,23,7,417
11,4,77,7,417
11,5,54,7,417
12,1,96,2,265
12,2,7,2,265
12,3,84,2,265
12,4,50,2,265
12,5,60,2,265
13,1,81,7,268
13,2,78,7,268
13,3,1,7,268
13,4,29,7,268
13,5,96,7,268
14,1,29,3,369
14,2,82,3,369
14,3,2,3,369
14,4,65,3,369
14,5,100,3,369
15,1,81,2,820
15,2,40,2,820
15,3,96,2,820
15,4,95,2,820
15,5,37,2,820
16,1,59,3,484
16,2,24,3,484
16,3,88,3,484
16,4,53,3,484
16,5,88,3,484
17,1,8,8,741
17,2,31,8,741
17,3,94,8,741
17,4,58,8,741
17,5,23,8,741
18,1,59,5,201
18,2,10,5,201
18,3,15,5,201
18,4,94,5,201
18,5,46,5,201
19,1,51,1,491
19,2,66,1,491
19,3,43,1,491
19,4,38,1,491
19,5,49,1,491
20,1,29,3,805
20,2,14,3,805
20,3,4,3,805
20,4,12,3,805
20,5,69,3,805
21,1,80,4,209
21,2,98,4,209
21,3,94,4,209
21,4,100,4,209
21,5,95,4,209
22,1,62,8,740
22,2,54,8,740
22,3,9,8,740
22,4,67,8,740
22,5,10,8,740
23,1,50,8,300
23,2,20,8,300
23,3,14,8,300
23,4,99,8,300
23,5,51,8,300
24,1,76,8,869
24,2,29,8,869
24,3,86,8,869
24,4,91,8,869
24,5,26,8,869
25,1,27,10,604
25,2,98,10,604
25,3,71,10,604
25,4,55,10,604
25,5,52,10,604
26,1,59,1,814
26,2,1,1,814
26,3,77,1,814
26,4,36,1,814
26,5,46,1,814
27,1,9,9,657
27,2,10,9,657
27,3,7,9,657
27,4,0,9,657
27,5,79,9,657
28,1,41,5,292
28,2,75,5,292
28,3,52,5,292
28,4,53,5,292
28,5,44,5,292
29,1,52,8,769
29,2,46,8,769
29,3,37,8,769
29,4,51,8,769
29,5,79,8,769
30,1,6,5,642
30,2,49,5,642
30,3,23,5,642
30,4,99,5,642
30,5,46,5,642
31,1,80,5,119
31,2,34,5,119
31,3,35,5,119
31,4,63,5,119
31,5,60,5,119
32,1,95,5,147
32,2,0,5,147
32,3,3,5,147
32,4,73,5,147
32,5,21,5,147
33,1,55,6,198
33,2,6,6,198
33,3,76,6,198
33,4,59,6,198
33,5,78,6,198
34,1,81,9,670
34,2,8,9,670
34,3,42,9,670
34,4,48,9,670
34,5,77,9,670
35,1,80,6,677
35,2,87,6,677
35,3,70,6,677
35,4,96,6,677
35,5,74,6,677
36,1,33,3,238
36,2,12,3,238
36,3,99,3,238
36,4,37,3,238
36,5,56,3,238
37,1,64,9,219
37,2,78,9,219
37,3,1,9,219
37,4,96,9,219
37,5,92,9,219
38,1,14,9,472
38,2,45,9,472
38,3,55,9,472
38,4,74,9,472
38,5,60,9,472
39,1,46,9,819
39,2,13,9,819
39,3,75,9,819
39,4,76,9,819
39,5,21,9,819
40,1,92,8,303
40,2,2,8,303
40,3,65,8,303
40,4,96,8,303
40,5,71,8,303
41,1,52,3,461
41,2,67,3,461
41,3,13,3,461
41,4,38,3,461
41,5,83,3,461
42,1,35,10,510
42,2,90,10,510
42,3,2,10,510
42,4,85,10,510
42,5,72,10,510
43,1,85,4,626
43,2,62,4,626
43,3,56,4,626
43,4,84,4,626
43,5,87,4,626
44,1,5,5,721
44,2,77,5,721
44,3,71,5,721
44,4,96,5,721
44,5,47,5,721
45,1,7,8,708
45,2,50,8,708
45,3,55,8,708
45,4,31,8,708
45,5,38,8,708
46,1,54,10,770
46,2,83,10,770
46,3,44,10,770
46,4,88,10,770
46,5,74,10,770
47,1,91,6,496
47,2,2,6,496
47,3,89,6,496
47,4,58,6,496
47,5,30,6,496
48,1,27,6,942
48,2,74,6,942
48,3,14,6,942
48,4,36,6,942
48,5,30,6,942
49,1,5,7,216
49,2,13,7,216
49,3,40,7,216
49,4,44,7,216
49,5,96,7,216
50,1,61,4,177
50,2,45,4,177
50,3,77,4,177
50,4,8,4,177
50,5,61,4,177
51,1,97,5,392
51,2,93,5,392
51,3,100,5,392
51,4,57,5,392
51,5,87,5,392
52,1,74,1,398
52,2,9,1,398
52,3,37,1,398
52,4,81,1,398
52,5,90,1,398
53,1,17,7,453
53,2,66,7,453
53,3,69,7,453
53,4,42,7,453
53,5,63,7,453
54,1,6,4,440
54,2,6,4,440
54,3,64,4,440
54,4,12,4,440
54,5,27,4,440
55,1,28,8,410
55,2,74,8,410
55,3,42,8,410
55,4,90,8,410
55,5,60,8,410
56,1,11,4,735
56,2,70,4,735
56,3,76,4,735
56,4,82,4,735
56,5,76,4,735
57,1,81,5,479
57,2,59,5,479
57,3,79,5,479
57,4,72,5,479
57,5,97,5,479
58,1,45,5,152
58,2,28,5,152
58,3,56,5,152
58,4,74,5,152
58,5,92,5,152
59,1,45,1,314
59,2,31,1,314
59,3,15,1,314
59,4,34,1,314
59,5,37,1,314
60,1,23,3,289
60,2,54,3,289
60,3,43,3,289
60,4,20,3,289
60,5,78,3,289
61,1,35,10,123
61,2,6,10,123
61,3,18,10,123
61,4,87,10,123
61,5,84,10,123
62,1,34,2,568
62,2,75,2,568
62,3,41,2,568
62,4,100,2,568
62,5,66,2,568
63,1,43,8,992
63,2,40,8,992
63,3,65,8,992
63,4,91,8,992
63,5,30,8,992
64,1,11,4,326
64,2,78,4,326
64,3,26,4,326
64,4,52,4,326
64,5,45,4,326
65,1,33,3,745
65,2,49,3,745
65,3,80,3,745
65,4,0,3,745
65,5,79,3,745
66,1,40,8,900
66,2,0,8,900
66,3,5,8,900
66,4,47,8,900
66,5,63,8,900
67,1,89,5,691
67,2,42,5,691
67,3,2,5,691
67,4,4,5,691
67,5,20,5,691
68,1,86,6,747
68,2,63,6,747
68,3,35,6,747
68,4,52,6,747
68,5,7,6,747
69,1,2,2,832
69,2,45,2,832
69,3,63,2,832
69,4,71,2,832
69,5,91,2,832
70,1,1,2,568
70,2,12,2,568
70,3,62,2,568
70,4,88,2,568
70,5,88,2,568
71,1,19,9,691
71,2,83,9,691
71,3,61,9,691
71,4,18,9,691
71,5,91,9,691
72,1,34,1,677
72,2,37,1,677
72,3,44,1,677
72,4,75,1,677
72,5,34,1,677
73,1,39,10,374
73,2,23,10,374
73,3,76,10,374
73,4,38,10,374
73,5,55,10,374
74,1,81,2,191
74,2,73,2,191
74,3,16,2,191
74,4,57,2,191
74,5,2,2,191
75,1,59,3,627
75,2,51,3,627
75,3,47,3,627
75,4,47,3,627
75,5,71,3,627
76,1,39,9,587
76,2,40,9,587
76,3,87,9,587
76,4,62,9,587
76,5,46,9,587
77,1,34,9,908
77,2,26,9,908
77,3,45,9,908
77,4,66,9,908
77,5,60,9,908
78,1,66,2,326
78,2,49,2,326
78,3,97,2,326
78,4,40,2,326
78,5,90,2,326
79,1,35,4,888
79,2,12,4,888
79,3,38,4,888
79,4,42,4,888
79,5,11,4,888
80,1,46,10,910
80,2,57,10,910
80,3,80,10,910
80,4,39,10,910
80,5,95,10,910
81,1,89,6,756
81,2,8,6,756
81,3,88,6,756
81,4,76,6,756
81,5,79,6,756
82,1,65,6,872
82,2,2,6,872
82,3,54,6,872
82,4,2,6,872
82,5,48,6,872
83,1,35,7,268
83,2,94,7,268
83,3,13,7,268
83,4,9,7,268
83,5,39,7,268
84,1,27,1,226
84,2,94,1,226
84,3,70,1,226
84,4,0,1,226
84,5,92,1,226
85,1,31,8,629
85,2,69,8,629
85,3,3,8,629
85,4,33,8,629
85,5,13,8,629
86,1,75,9,240
86,2,67,9,240
86,3,88,9,240
86,4,54,9,240
86,5,63,9,240
87,1,22,3,931
87,2,75,3,931
87,3,83,3,931
87,4,3,3,931
87,5,89,3,931
88,1,7,8,831
88,2,83,8,831
88,3,22,8,831
88,4,69,8,831
88,5,7,8,831
89,1,89,1,331
89,2,88,1,331
89,3,49,1,331
89,4,31,1,331
89,5,54,1,331
90,1,20,3,987
90,2,51,3,987
90,3,76,3,987
90,4,45,3,987
90,5,44,3,987
91,1,26,8,877
91,2,50,8,877
91,3,64,8,877
91,4,43,8,877
91,5,42,8,877
92,1,42,8,860
92,2,20,8,860
92,3,29,8,860
92,4,80,8,860
92,5,90,8,860
93,1,2,7,484
93,2,55,7,484
93,3,86,7,484
93,4,85,7,484
93,5,87,7,484
94,1,98,2,763
94,2,3,2,763
94,3,76,2,763
94,4,73,2,763
94,5,38,2,763
95,1,83,10,554
95,2,54,10,554
95,3,61,10,554
95,4,79,10,554
95,5,45,10,554
96,1,11,9,728
96,2,3,9,728
96,3,8,9,728
96,4,74,9,728
96,5,35,9,728
97,1,91,8,820
97,2,29,8,820
97,3,31,8,820
97,4,76,8,820
97,5,19,8,820
98,1,97,3,602
98,2,65,3,602
98,3,1,3,602
98,4,81,3,602
98,5,58,3,602
99,1,93,4,266
99,2,94,4,266
99,3,19,4,266
99,4,59,4,266
99,5,28,4,266
100,1,33,1,803
100,2,70,1,803
100,3,18,1,803
100,4,71,1,803
100,5,83,1,803
101,1,64,3,365
101,2,40,3,365
101,3,17,3,365
101,4,2,3,365
101,5,91,3,365
102,1,14,7,592
102,2,8,7,592
102,3,77,7,592
102,4,10,7,592
102,5,0,7,592
103,1,31,8,477
103,2,81,8,477
103,3,73,8,477
103,4,30,8,477
103,5,15,8,477
104,1,41,2,881
104,2,33,2,881
104,3,75,2,881
104,4,16,2,881
104,5,93,2,881
105,1,85,5,993
105,2,29,5,993
105,3,29,5,993
105,4,49,5,993
105,5,92,5,993
106,1,29,6,851
106,2,90,6,851
106,3,27,6,851
106,4,48,6,851
106,5,44,6,851
107,1,100,1,328
107,2,79,1,328
107,3,23,1,328
107,4,21,1,328
107,5,3,1,328
108,1,12,4,952
108,2,84,4,952
108,3,6,4,952
108,4,35,4,952
108,5,17,4,952
109,1,91,3,810
109,2,31,3,810
109,3,80,3,810
109,4,21,3,810
109,5,88,3,810
110,1,83,3,610
110,2,56,3,610
110,3,68,3,610
110,4,85,3,610
110,5,100,3,610
111,1,99,2,366
111,2,40,2,366
111,3,51,2,366
111,4,45,2,366
111,5,24,2,366
112,1,17,10,812
112,2,18,10,812
112,3,32,10,812
112,4,40,10,812
112,5,49,10,812
113,1,23,4,461
113,2,7,4,461
113,3,65,4,461
113,4,29,4,461
113,5,11,4,461
114,1,30,4,170
114,2,16,4,170
114,3,2,4,170
114,4,2,4,170
114,5,40,4,170
115,1,63,7,644
115,2,14,7,644
115,3,62,7,644
115,4,60,7,644
115,5,82,7,644
116,1,89,9,705
116,2,100,9,705
116,3,89,9,705
116,4,53,9,705
116,5,25,9,705
117,1,76,9,446
117,2,72,9,446
117,3,14,9,446
117,4,83,9,446
117,5,56,9,446
118,1,2,8,724
118,2,27,8,724
118,3,25,8,724
118,4,64,8,724
118,5,88,8,724
119,1,79,2,863
119,2,87,2,863
119,3,77,2,863
119,4,8,2,863
119,5,92,2,863
120,1,15,1,564
120,2,95,1,564
120,3,85,1,564
120,4,29,1,564
120,5,76,1,564
121,1,55,10,202
121,2,30,10,202
121,3,37,10,202
121,4,76,10,202
121,5,30,10,202
122,1,51,1,519
122,2,8,1,519
122,3,66,1,519
122,4,13,1,519
122,5,97,1,519
123,1,0,1,428
123,2,4,1,428
123,3,98,1,428
123,4,57,1,428
123,5,95,1,428
124,1,82,7,562
124,2,30,7,562
124,3,80,7,562
124,4,44,7,562
124,5,23,7,562
125,1,6,10,596
125,2,3,10,596
125,3,85,10,596
125,4,10,10,596
125,5,17,10,596
126,1,36,10,695
126,2,9,10,695
126,3,77,10,695
126,4,18,10,695
126,5,39,10,695
127,1,54,2,395
127,2,12,2,395
127,3,13,2,395
127,4,61,2,395
127,5,55,2,395
128,1,40,6,910
128,2,11,6,910
128,3,26,6,910
128,4,88,6,910
128,5,22,6,910
129,1,43,1,824
129,2,58,1,824
129,3,3,1,824
129,4,93,1,824
129,5,65,1,824
130,1,86,5,470
130,2,12,5,470
130,3,93,5,470
130,4,28,5,470
130,5,26,5,470
131,1,28,5,649
131,2,63,5,649
131,3,45,5,649
131,4,69,5,649
131,5,75,5,649
132,1,15,9,293
132,2,48,9,293
132,3,74,9,293
132,4,20,9,293
132,5,65,9,293
133,1,31,4,578
133,2,73,4,578
133,3,96,4,578
133,4,12,4,578
133,5,59,4,578
134,1,90,5,994
134,2,56,5,994
134,3,10,5,994
134,4,95,5,994
134,5,33,5,994
135,1,37,1,250
135,2,8,1,250
135,3,92,1,250
135,4,91,1,250
135,5,8,1,250
136,1,25,8,448
136,2,42,8,448
136,3,19,8,448
136,4,96,8,448
136,5,43,8,448
137,1,21,3,776
137,2,17,3,776
137,3,76,3,776
137,4,96,3,776
137,5,29,3,776
138,1,93,9,278
138,2,73,9,278
138,3,82,9,278
138,4,60,9,278
138,5,8,9,278
139,1,22,8,852
139,2,40,8,852
139,3,47,8,852
139,4,50,8,852
139,5,30,8,852
140,1,83,3,529
140,2,24,3,529
140,3,53,3,529
140,4,50,3,529
140,5,12,3,529
141,1,83,6,701
141,2,3,6,701
141,3,46,6,701
141,4,73,6,701
141,5,78,6,701
142,1,28,3,743
142,2,2,3,743
142,3,66,3,743
142,4,26,3,743
142,5,68,3,743
143,1,38,7,766
143,2,33,7,766
143,3,85,7,766
143,4,83,7,766
143,5,86,7,766
144,1,27,10,889
144,2,88,10,889
144,3,54,10,889
144,4,68,10,889
144,5,30,10,889
145,1,3,10,346
145,2,86,10,346
145,3,26,10,346
145,4,60,10,346
145,5,81,10,346
146,1,59,6,583
146,2,40,6,583
146,3,7,6,583
146,4,18,6,583
146,5,22,6,583
147,1,82,10,717
147,2,51,10,717
147,3,65,10,717
147,4,51,10,717
147,5,6,10,717
148,1,16,3,530
148,2,17,3,530
148,3,80,3,530
148,4,4,3,530
148,5,54,3,530
149,1,45,8,431
149,2,75,8,431
149,3,13,8,431
149,4,10,8,431
149,5,74,8,431
150,1,50,7,739
150,2,50,7,739
150,3,16,7,739
150,4,82,7,739
150,5,59,7,739
151,1,100,4,843
151,2,44,4,843
151,3,44,4,843
151,4,73,4,843
151,5,52,4,843
152,1,28,10,474
152,2,71,10,474
152,3,4,10,474
152,4,34,10,474
152,5,12,10,474
153,1,65,3,748
153,2,23,3,748
153,3,25,3,748
153,4,98,3,748
153,5,77,3,748
154,1,82,3,850
154,2,99,3,850
154,3,16,3,850
154,4,65,3,850
154,5,67,3,850
155,1,7,2,782
155,2,1,2,782
155,3,67,2,782
155,4,17,2,782
155,5,95,2,782
156,1,12,1,295
156,2,92,1,295
156,3,98,1,295
156,4,2,1,295
156,5,13,1,295
157,1,0,8,561
157,2,88,8,561
157,3,57,8,561
157,4,43,8,561
157,5,46,8,561
158,1,30,8,324
158,2,98,8,324
158,3,82,8,324
158,4,52,8,324
158,5,41,8,324
159,1,35,5,308
159,2,44,5,308
159,3,34,5,308
159,4,71,5,308
159,5,73,5,308
160,1,1,6,123
160,2,11,6,123
160,3,45,6,123
160,4,60,6,123
160,5,69,6,123
161,1,78,2,262
161,2,5,2,262
161,3,100,2,262
161,4,35,2,262
161,5,71,2,262
162,1,7,2,927
162,2,32,2,927
162,3,42,2,927
162,4,4,2,927
162,5,11,2,927
163,1,1,9,170
163,2,44,9,170
163,3,5,9,170
163,4,15,9,170
163,5,98,9,170
164,1,24,5,854
164,2,41,5,854
164,3,32,5,854
164,4,89,5,854
164,5,62,5,854
165,1,32,5,628
165,2,31,5,628
165,3,55,5,628
165,4,65,5,628
165,5,67,5,628
166,1,54,7,225
166,2,59,7,225
166,3,69,7,225
166,4,12,7,225
166,5,32,7,225
167,1,81,8,654
167,2,79,8,654
167,3,58,8,654
167,4,21,8,654
167,5,26,8,654
168,1,78,4,438
168,2,98,4,438
168,3,24,4,438
168,4,40,4,438
168,5,67,4,438
169,1,90,7,349
169,2,36,7,349
169,3,30,7,349
169,4,83,7,349
169,5,59,7,349
170,1,91,4,502
170,2,16,4,502
170,3,7,4,502
170,4,39,4,502
170,5,29,4,502
171,1,87,8,979
171,2,98,8,979
171,3,30,8,979
171,4,50,8,979
171,5,35,8,979
172,1,76,2,314
172,2,80,2,314
172,3,82,2,314
172,4,8,2,314
172,5,58,2,314
173,1,79,4,678
173,2,67,4,678
173,3,79,4,678
173,4,60,4,678
173,5,35,4,678
174,1,26,1,569
174,2,80,1,569
174,3,19,1,569
174,4,61,1,569
174,5,41,1,569
175,1,57,3,265
175,2,30,3,265
175,3,25,3,265
175,4,43,3,265
175,5,29,3,265
176,1,29,10,241
176,2,33,10,241
176,3,95,10,241
176,4,39,10,241
176,5,4,10,241
177,1,45,3,519
177,2,20,3,519
177,3,34,3,519
177,4,91,3,519
177,5,89,3,519
178,1,83,9,995
178,2,32,9,995
178,3,93,9,995
178,4,27,9,995
178,5,91,9,995
179,1,100,10,461
179,2,48,10,461
179,3,14,10,461
179,4,90,10,461
179,5,80,10,461
180,1,0,1,567
180,2,68,1,567
180,3,21,1,567
180,4,32,1,567
180,5,32,1,567
181,1,34,3,262
181,2,31,3,262
181,3,48,3,262
181,4,99,3,262
181,5,23,3,262
182,1,42,6,597
182,2,21,6,597
182,3,9,6,597
182,4,45,6,597
182,5,82,6,597
183,1,89,8,559
183,2,91,8,559
183,3,14,8,559
183,4,42,8,559
183,5,26,8,559
184,1,28,7,271
184,2,100,7,271
184,3,11,7,271
184,4,64,7,271
184,5,98,7,271
185,1,13,4,117
185,2,15,4,117
185,3,50,4,117
185,4,99,4,117
185,5,14,4,117
186,1,26,6,465
186,2,42,6,465
186,3,4,6,465
186,4,12,6,465
186,5,12,6,465
187,1,90,3,865
187,2,87,3,865
187,3,45,3,865
187,4,61,3,865
187,5,2,3,865
188,1,5,1,429
188,2,37,1,429
188,3,76,1,429
188,4,15,1,429
188,5,78,1,429
189,1,32,2,115
189,2,70,2,115
189,3,37,2,115
189,4,4,2,115
189,5,57,2,115
190,1,20,1,976
190,2,88,1,976
190,3,17,1,976
190,4,12,1,976
190,5,28,1,976
191,1,42,4,960
191,2,70,4,960
191,3,25,4,960
191,4,26,4,960
191,5,30,4,960
192,1,97,7,479
192,2,2,7,479
192,3,19,7,479
192,4,32,7,479
192,5,29,7,479
193,1,53,5,950
193,2,84,5,950
193,3,38,5,950
193,4,21,5,950
193,5,32,5,950
194,1,6,5,585
194,2,57,5,585
194,3,63,5,585
194,4,76,5,585
194,5,46,5,585
195,1,93,9,755
195,2,36,9,755
195,3,87,9,755
195,4,87,9,755
195,5,34,9,755
196,1,24,9,473
196,2,9,9,473
196,3,28,9,473
196,4,72,9,473
196,5,61,9,473
197,1,25,4,664
197,2,36,4,664
197,3,68,4,664
197,4,92,4,664
197,5,33,4,664
198,1,34,3,486
198,2,40,3,486
198,3,47,3,486
198,4,63,3,486
198,5,70,3,486
199,1,57,9,360
199,2,77,9,360
199,3,74,9,360
199,4,23,9,360
199,5,66,9,360
200,1,65,3,362
200,2,89,3,362
200,3,17,3,362
200,4,60,3,362
200,5,40,3,362
201,1,99,9,658
201,2,81,9,658
201,3,54,9,658
201,4,96,9,658
201,5,79,9,658
202,1,64,10,267
202,2,44,10,267
202,3,90,10,267
202,4,61,10,267
202,5,11,10,267
203,1,6,1,147
203,2,89,1,147
203,3,56,1,147
203,4,66,1,147
203,5,0,1,147
204,1,18,9,753
204,2,70,9,753
204,3,75,9,753
204,4,35,9,753
204,5,83,9,753
205,1,58,4,961
205,2,78,4,961
205,3,83,4,961
205,4,70,4,961
205,5,99,4,961
206,1,60,9,618
206,2,99,9,618
206,3,72,9,618
206,4,85,9,618
206,5,94,9,618
207,1,85,7,464
207,2,2,7,464
207,3,14,7,464
207,4,77,7,464
207,5,65,7,464
208,1,62,6,514
208,2,97,6,514
208,3,100,6,514
208,4,49,6,514
208,5,31,6,514
209,1,17,1,408
209,2,72,1,408
209,3,47,1,408
209,4,43,1,408
209,5,30,1,408
210,1,47,1,752
210,2,72,1,752
210,3,36,1,752
210,4,36,1,752
210,5,99,1,752
211,1,56,2,517
211,2,88,2,517
211,3,7,2,517
211,4,1,2,517
211,5,56,2,517
212,1,50,4,446
212,2,37,4,446
212,3,1,4,446
212,4,31,4,446
212,5,78,4,446
213,1,45,5,965
213,2,98,5,965
213,3,97,5,965
213,4,99,5,965
213,5,52,5,965
214,1,46,4,797
214,2,31,4,797
214,3,21,4,797
214,4,27,4,797
214,5,15,4,797
215,1,45,9,686
215,2,64,9,686
215,3,95,9,686
215,4,86,9,686
215,5,13,9,686
216,1,100,1,854
216,2,84,1,854
216,3,26,1,854
216,4,27,1,854
216,5,34,1,854
217,1,16,6,843
217,2,51,6,843
217,3,28,6,843
217,4,46,6,843
217,5,5,6,843
218,1,80,7,537
218,2,26,7,537
218,3,14,7,537
218,4,73,7,537
218,5,82,7,537
219,1,98,10,787
219,2,62,10,787
219,3,61,10,787
219,4,40,10,787
219,5,69,10,787
220,1,6,7,911
220,2,78,7,911
220,3,17,7,911
220,4,18,7,911
220,5,88,7,911
221,1,45,5,674
221,2,54,5,674
221,3,97,5,674
221,4,67,5,674
221,5,60,5,674
222,1,45,10,445
222,2,39,10,445
222,3,91,10,445
222,4,57,10,445
222,5,23,10,445
223,1,5,10,369
223,2,75,10,369
223,3,93,10,369
223,4,93,10,369
223,5,64,10,369
224,1,26,5,568
224,2,16,5,568
224,3,27,5,568
224,4,98,5,568
224,5,18,5,568
225,1,37,2,753
225,2,34,2,753
225,3,63,2,753
225,4,29,2,753
225,5,89,2,753
226,1,96,9,911
226,2,85,9,911
226,3,82,9,911
226,4,55,9,911
226,5,56,9,911
227,1,58,8,614
227,2,80,8,614
227,3,74,8,614
227,4,76,8,614
227,5,58,8,614
228,1,89,8,321
228,2,67,8,321
228,3,10,8,321
228,4,60,8,321
228,5,51,8,321
229,1,85,7,327
229,2,36,7,327
229,3,6,7,327
229,4,12,7,327
229,5,63,7,327
230,1,25,1,390
230,2,61,1,390
230,3,34,1,390
230,4,69,1,390
230,5,87,1,390
231,1,55,2,395
231,2,68,2,395
231,3,26,2,395
231,4,93,2,395
231,5,38,2,395
232,1,24,10,157
232,2,42,10,157
232,3,70,10,157
232,4,42,10,157
232,5,87,10,157
233,1,77,7,650
233,2,62,7,650
233,3,55,7,650
233,4,57,7,650
233,5,57,7,650
234,1,87,5,760
234,2,64,5,760
234,3,50,5,760
234,4,53,5,760
234,5,88,5,760
235,1,0,1,893
235,2,86,1,893
235,3,8,1,893
235,4,17,1,893
235,5,35,1,893
236,1,85,2,963
236,2,47,2,963
236,3,7,2,963
236,4,81,2,963
236,5,84,2,963
237,1,76,6,967
237,2,25,6,967
237,3,60,6,967
237,4,71,6,967
237,5,49,6,967
238,1,22,2,864
238,2,30,2,864
238,3,4,2,864
238,4,90,2,864
238,5,38,2,864
239,1,87,10,255
239,2,62,10,255
239,3,28,10,255
239,4,30,10,255
239,5,72,10,255
240,1,35,2,741
240,2,26,2,741
240,3,45,2,741
240,4,38,2,741
240,5,97,2,741
241,1,94,6,490
241,2,78,6,490
241,3,53,6,490
241,4,99,6,490
241,5,94,6,490
242,1,96,2,912
242,2,100,2,912
242,3,87,2,912
242,4,41,2,912
242,5,31,2,912
243,1,97,4,377
243,2,76,4,377
243,3,90,4,377
243,4,77,4,377
243,5,19,4,377
244,1,11,5,393
244,2,21,5,393
244,3,41,5,393
244,4,32,5,393
244,5,52,5,393
245,1,29,2,113
245,2,5,2,113
245,3,24,2,113
245,4,54,2,113
245,5,98,2,113
246,1,45,10,904
246,2,83,10,904
246,3,25,10,904
246,4,16,10,904
246,5,67,10,904
247,1,36,7,110
247,2,56,7,110
247,3,5,7,110
247,4,74,7,110
247,5,93,7,110
248,1,2,2,720
248,2,3,2,720
248,3,86,2,720
248,4,72,2,720
248,5,64,2,720
249,1,33,1,571
249,2,13,1,571
249,3,3,1,571
249,4,97,1,571
249,5,68,1,571
250,1,88,1,216
250,2,85,1,216
250,3,16,1,216
250,4,17,1,216
250,5,81,1,216
251,1,54,1,907
251,2,35,1,907
251,3,65,1,907
251,4,99,1,907
251,5,97,1,907
252,1,61,3,560
252,2,21,3,560
252,3,46,3,560
252,4,6,3,560
252,5,42,3,560
253,1,73,10,235
253,2,27,10,235
253,3,57,10,235
253,4,70,10,235
253,5,91,10,235
254,1,11,6,955
254,2,43,6,955
254,3,86,6,955
254,4,7,6,955
254,5,3,6,955
255,1,25,4,343
255,2,19,4,343
255,3,72,4,343
255,4,62,4,343
255,5,85,4,343
256,1,63,7,140
256,2,23,7,140
256,3,88,7,140
256,4,16,7,140
256,5,7,7,140
257,1,57,3,541
257,2,87,3,541
257,3,61,3,541
257,4,53,3,541
257,5,4,3,541
258,1,78,3,264
258,2,96,3,264
258,3,17,3,264
258,4,29,3,264
258,5,45,3,264
259,1,64,7,294
259,2,5,7,294
259,3,55,7,294
259,4,71,7,294
259,5,45,7,294
260,1,62,10,478
260,2,65,10,478
260,3,49,10,478
260,4,53,10,478
260,5,71,10,478
261,1,32,1,823
261,2,98,1,823
261,3,36,1,823
261,4,72,1,823
261,5,99,1,823
262,1,94,2,590
262,2,25,2,590
262,3,0,2,590
262,4,54,2,590
262,5,88,2,590
263,1,38,4,287
263,2,17,4,287
263,3,44,4,287
263,4,89,4,287
263,5,42,4,287
264,1,86,2,826
264,2,76,2,826
264,3,85,2,826
264,4,93,2,826
264,5,76,2,826
265,1,41,7,978
265,2,95,7,978
265,3,70,7,978
265,4,95,7,978
265,5,64,7,978
266,1,88,7,139
266,2,33,7,139
266,3,3,7,139
266,4,39,7,139
266,5,68,7,139
267,1,10,3,264
267,2,48,3,264
267,3,2,3,264
267,4,64,3,264
267,5,48,3,264
268,1,42,10,630
268,2,60,10,630
268,3,57,10,630
268,4,33,10,630
268,5,79,10,630
269,1,75,4,438
269,2,47,4,438
269,3,35,4,438
269,4,27,4,438
269,5,19,4,438
270,1,26,8,895
270,2,49,8,895
270,3,9,8,895
270,4,69,8,895
270,5,67,8,895
271,1,17,7,757
271,2,17,7,757
271,3,19,7,757
271,4,21,7,757
271,5,69,7,757
272,1,69,8,494
272,2,5,8,494
272,3,37,8,494
272,4,65,8,494
272,5,88,8,494
273,1,89,1,354
273,2,1,1,354
273,3,23,1,354
273,4,69,1,354
273,5,70,1,354
274,1,37,9,548
274,2,72,9,548
274,3,83,9,548
274,4,14,9,548
274,5,62,9,548
275,1,39,8,867
275,2,74,8,867
275,3,50,8,867
275,4,2,8,867
275,5,84,8,867
276,1,28,10,987
276,2,87,10,987
276,3,56,10,987
276,4,29,10,987
276,5,75,10,987
277,1,88,2,287
277,2,59,2,287
277,3,60,2,287
277,4,97,2,287
277,5,3,2,287
278,1,84,7,428
278,2,69,7,428
278,3,77,7,428
278,4,16,7,428
278,5,71,7,428
279,1,12,4,147
279,2,94,4,147
279,3,90,4,147
279,4,87,4,147
279,5,100,4,147
280,1,98,8,390
280,2,87,8,390
280,3,52,8,390
280,4,46,8,390
280,5,96,8,390
281,1,12,4,646
281,2,82,4,646
281,3,37,4,646
281,4,85,4,646
281,5,51,4,646
282,1,96,4,951
282,2,85,4,951
282,3,9,4,951
282,4,86,4,951
282,5,31,4,951
283,1,64,1,811
283,2,59,1,811
283,3,44,1,811
283,4,37,1,811
283,5,74,1,811
284,1,9,3,460
284,2,41,3,460
284,3,33,3,460
284,4,70,3,460
284,5,47,3,460
285,1,50,4,202
285,2,67,4,202
285,3,43,4,202
285,4,99,4,202
285,5,73,4,202
286,1,31,2,796
286,2,95,2,796
286,3,6,2,796
286,4,60,2,796
286,5,11,2,796
287,1,92,2,372
287,2,44,2,372
287,3,11,2,372
287,4,75,2,372
287,5,89,2,372
288,1,66,2,734
288,2,79,2,734
288,3,63,2,734
288,4,98,2,734
288,5,27,2,734
289,1,83,5,923
289,2,99,5,923
289,3,21,5,923
289,4,67,5,923
289,5,62,5,923
290,1,45,6,546
290,2,77,6,546
290,3,73,6,546
290,4,22,6,546
290,5,39,6,546
291,1,48,8,151
291,2,2,8,151
291,3,56,8,151
291,4,2,8,151
291,5,39,8,151
292,1,75,6,120
292,2,22,6,120
292,3,5,6,120
292,4,61,6,120
292,5,75,6,120
293,1,82,4,850
293,2,7,4,850
293,3,85,4,850
293,4,0,4,850
293,5,64,4,850
294,1,98,4,322
294,2,61,4,322
294,3,41,4,322
294,4,15,4,322
294,5,61,4,322
295,1,0,4,731
295,2,80,4,731
295,3,70,4,731
295,4,22,4,731
295,5,86,4,731
296,1,72,8,786
296,2,36,8,786
296,3,53,8,786
296,4,23,8,786
296,5,32,8,786
297,1,60,2,673
297,2,20,2,673
297,3,77,2,673
297,4,99,2,673
297,5,8,2,673
298,1,0,9,827
298,2,86,9,827
298,3,14,9,827
298,4,38,9,827
298,5,56,9,827
299,1,55,1,467
299,2,94,1,467
299,3,74,1,467
299,4,66,1,467
299,5,46,1,467
300,1,70,9,873
300,2,57,9,873
300,3,32,9,873
300,4,66,9,873
300,5,51,9,873
301,1,57,5,353
301,2,37,5,353
301,3,41,5,353
301,4,21,5,353
301,5,6,5,353
302,1,15,5,339
302,2,94,5,339
302,3,67,5,339
302,4,39,5,339
302,5,97,5,339
303,1,7,10,302
303,2,60,10,302
303,3,66,10,302
303,4,10,10,302
303,5,1,10,302
304,1,29,2,753
304,2,34,2,753
304,3,32,2,753
304,4,79,2,753
304,5,68,2,753
305,1,94,1,178
305,2,93,1,178
305,3,2,1,178
305,4,67,1,178
305,5,80,1,178
306,1,18,1,297
306,2,11,1,297
306,3,74,1,297
306,4,57,1,297
306,5,40,1,297
307,1,0,1,888
307,2,34,1,888
307,3,68,1,888
307,4,67,1,888
307,5,91,1,888
308,1,74,2,685
308,2,91,2,685
308,3,86,2,685
308,4,3,2,685
308,5,99,2,685
309,1,52,5,707
309,2,29,5,707
309,3,77,5,707
309,4,3,5,707
309,5,88,5,707
310,1,33,9,539
310,2,76,9,539
310,3,55,9,539
310,4,13,9,539
310,5,10,9,539
311,1,5,3,876
311,2,26,3,876
311,3,71,3,876
311,4,44,3,876
311,5,74,3,876
312,1,53,10,280
312,2,86,10,280
312,3,53,10,280
312,4,34,10,280
312,5,1,10,280
313,1,56,3,898
313,2,51,3,898
313,3,55,3,898
313,4,71,3,898
313,5,95,3,898
314,1,16,3,422
314,2,73,3,422
314,3,37,3,422
314,4,100,3,422
314,5,2,3,422
315,1,61,7,248
315,2,5,7,248
315,3,20,7,248
315,4,86,7,248
315,5,28,7,248
316,1,72,1,793
316,2,58,1,793
316,3,80,1,793
316,4,45,1,793
316,5,51,1,793
317,1,24,7,412
317,2,36,7,412
317,3,41,7,412
317,4,5,7,412
317,5,17,7,412
318,1,92,3,375
318,2,12,3,375
318,3,10,3,375
318,4,67,3,375
318,5,53,3,375
319,1,27,10,502
319,2,91,10,502
319,3,79,10,502
319,4,46,10,502
319,5,63,10,502
320,1,13,8,736
320,2,42,8,736
320,3,97,8,736
320,4,7,8,736
320,5,58,8,736
321,1,34,6,563
321,2,69,6,563
321,3,4,6,563
321,4,0,6,563
321,5,76,6,563
322,1,79,1,564
322,2,91,1,564
322,3,78,1,564
322,4,91,1,564
322,5,39,1,564
323,1,37,6,310
323,2,55,6,310
323,3,81,6,310
323,4,72,6,310
323,5,81,6,310
324,1,40,4,569
324,2,98,4,569
324,3,55,4,569
324,4,77,4,569
324,5,77,4,569
325,1,57,4,159
325,2,89,4,159
325,3,2,4,159
325,4,51,4,159
325,5,4,4,159
326,1,26,10,180
326,2,26,10,180
326,3,14,10,180
326,4,27,10,180
326,5,95,10,180
327,1,16,8,284
327,2,86,8,284
327,3,70,8,284
327,4,4,8,284
327,5,54,8,284
328,1,70,6,875
328,2,68,6,875
328,3,82,6,875
328,4,27,6,875
328,5,24,6,875
329,1,71,3,663
329,2,86,3,663
329,3,19,3,663
329,4,42,3,663
329,5,48,3,663
330,1,88,9,582
330,2,38,9,582
330,3,25,9,582
330,4,83,9,582
330,5,5,9,582
331,1,62,1,466
331,2,7,1,466
331,3,2,1,466
331,4,43,1,466
331,5,31,1,466
332,1,70,4,664
332,2,100,4,664
332,3,32,4,664
332,4,12,4,664
332,5,1,4,664
333,1,85,3,839
333,2,77,3,839
333,3,15,3,839
333,4,87,3,839
333,5,67,3,839
334,1,39,8,324
334,2,70,8,324
334,3,96,8,324
334,4,85,8,324
334,5,64,8,324
335,1,9,7,688
335,2,78,7,688
335,3,55,7,688
335,4,44,7,688
335,5,90,7,688
336,1,69,1,585
336,2,33,1,585
336,3,100,1,585
336,4,37,1,585
336,5,54,1,585
337,1,43,3,548
337,2,56,3,548
337,3,79,3,548
337,4,55,3,548
337,5,87,3,548
338,1,61,9,631
338,2,84,9,631
338,3,51,9,631
338,4,55,9,631
338,5,81,9,631
339,1,44,1,885
339,2,50,1,885
339,3,46,1,885
339,4,8,1,885
339,5,27,1,885
340,1,37,9,115
340,2,48,9,115
340,3,93,9,115
340,4,96,9,115
340,5,62,9,115
341,1,11,9,375
341,2,63,9,375
341,3,19,9,375
341,4,36,9,375
341,5,64,9,375
342,1,62,10,501
342,2,25,10,501
342,3,15,10,501
342,4,93,10,501
342,5,81,10,501
343,1,33,10,878
343,2,40,10,878
343,3,76,10,878
343,4,91,10,878
343,5,51,10,878
344,1,80,5,899
344,2,24,5,899
344,3,78,5,899
344,4,93,5,899
344,5,1,5,899
345,1,64,4,671
345,2,0,4,671
345,3,70,4,671
345,4,14,4,671
345,5,99,4,671
346,1,93,8,675
346,2,49,8,675
346,3,56,8,675
346,4,87,8,675
346,5,87,8,675
347,1,100,10,122
347,2,48,10,122
347,3,88,10,122
347,4,37,10,122
347,5,58,10,122
348,1,16,9,244
348,2,63,9,244
348,3,63,9,244
348,4,66,9,244
348,5,71,9,244
349,1,91,1,359
349,2,8,1,359
349,3,98,1,359
349,4,81,1,359
349,5,73,1,359
350,1,15,4,468
350,2,18,4,468
350,3,31,4,468
350,4,4,4,468
350,5,55,4,468
351,1,4,5,905
351,2,45,5,905
351,3,79,5,905
351,4,7,5,905
351,5,22,5,905
352,1,49,8,773
352,2,54,8,773
352,3,98,8,773
352,4,9,8,773
352,5,67,8,773
353,1,59,1,196
353,2,82,1,196
353,3,37,1,196
353,4,74,1,196
353,5,30,1,196
354,1,69,8,415
354,2,35,8,415
354,3,48,8,415
354,4,8,8,415
354,5,83,8,415
355,1,43,1,223
355,2,49,1,223
355,3,37,1,223
355,4,95,1,223
355,5,10,1,223
356,1,25,3,617
356,2,3,3,617
356,3,92,3,617
356,4,64,3,617
356,5,11,3,617
357,1,18,6,315
357,2,26,6,315
357,3,100,6,315
357,4,82,6,315
357,5,41,6,315
358,1,26,9,114
358,2,38,9,114
358,3,96,9,114
358,4,42,9,114
358,5,82,9,114
359,1,26,7,128
359,2,21,7,128
359,3,58,7,128
359,4,57,7,128
359,5,69,7,128
360,1,29,6,708
360,2,66,6,708
360,3,15,6,708
360,4,35,6,708
360,5,25,6,708
361,1,83,10,956
361,2,70,10,956
361,3,36,10,956
361,4,2,10,956
361,5,10,10,956
362,1,23,3,501
362,2,41,3,501
362,3,85,3,501
362,4,76,3,501
362,5,46,3,501
363,1,27,6,262
363,2,90,6,262
363,3,23,6,262
363,4,93,6,262
363,5,83,6,262
364,1,66,8,490
364,2,84,8,490
364,3,52,8,490
364,4,88,8,490
364,5,28,8,490
365,1,72,4,874
365,2,95,4,874
365,3,79,4,874
365,4,16,4,874
365,5,18,4,874
366,1,4,5,809
366,2,48,5,809
366,3,85,5,809
366,4,95,5,809
366,5,91,5,809
367,1,19,7,635
367,2,65,7,635
367,3,8,7,635
367,4,89,7,635
367,5,54,7,635
368,1,70,4,432
368,2,18,4,432
368,3,50,4,432
368,4,34,4,432
368,5,85,4,432
369,1,99,4,822
369,2,74,4,822
369,3,48,4,822
369,4,12,4,822
369,5,10,4,822
370,1,74,4,512
370,2,48,4,512
370,3,5,4,512
370,4,57,4,512
370,5,9,4,512
371,1,62,4,754
371,2,2,4,754
371,3,68,4,754
371,4,4,4,754
371,5,75,4,754
372,1,21,9,929
372,2,16,9,929
372,3,75,9,929
372,4,32,9,929
372,5,44,9,929
373,1,33,4,433
373,2,75,4,433
373,3,71,4,433
373,4,51,4,433
373,5,76,4,433
374,1,82,8,666
374,2,7,8,666
374,3,89,8,666
374,4,72,8,666
374,5,82,8,666
375,1,19,10,320
375,2,84,10,320
375,3,76,10,320
375,4,4,10,320
375,5,75,10,320
376,1,91,4,579
376,2,67,4,579
376,3,9,4,579
376,4,56,4,579
376,5,44,4,579
377,1,24,1,410
377,2,92,1,410
377,3,34,1,410
377,4,0,1,410
377,5,88,1,410
378,1,28,5,816
378,2,68,5,816
378,3,6,5,816
378,4,70,5,816
378,5,78,5,816
379,1,59,1,994
379,2,6,1,994
379,3,96,1,994
379,4,22,1,994
379,5,4,1,994
380,1,50,4,974
380,2,97,4,974
380,3,98,4,974
380,4,36,4,974
380,5,15,4,974
381,1,99,2,784
381,2,30,2,784
381,3,44,2,784
381,4,62,2,784
381,5,38,2,784
382,1,77,7,359
382,2,83,7,359
382,3,98,7,359
382,4,13,7,359
382,5,5,7,359
383,1,69,8,700
383,2,25,8,700
383,3,70,8,700
383,4,42,8,700
383,5,42,8,700
384,1,45,2,747
384,2,79,2,747
384,3,4,2,747
384,4,0,2,747
384,5,43,2,747
385,1,80,4,801
385,2,83,4,801
385,3,21,4,801
385,4,13,4,801
385,5,53,4,801
386,1,34,5,629
386,2,93,5,629
386,3,31,5,629
386,4,69,5,629
386,5,81,5,629
387,1,43,9,280
387,2,69,9,280
387,3,65,9,280
387,4,97,9,280
387,5,36,9,280
388,1,18,5,525
388,2,61,5,525
388,3,97,5,525
388,4,39,5,525
388,5,89,5,525
389,1,8,8,723
389,2,37,8,723
389,3,46,8,723
389,4,92,8,723
389,5,38,8,723
390,1,28,7,714
390,2,85,7,714
390,3,98,7,714
390,4,36,7,714
390,5,79,7,714
391,1,51,8,351
391,2,64,8,351
391,3,90,8,351
391,4,30,8,351
391,5,43,8,351
392,1,5,2,992
392,2,95,2,992
392,3,24,2,992
392,4,55,2,992
392,5,95,2,992
393,1,29,3,204
393,2,45,3,204
393,3,99,3,204
393,4,94,3,204
393,5,2,3,204
394,1,41,6,906
394,2,70,6,906
394,3,59,6,906
394,4,84,6,906
394,5,90,6,906
395,1,1,4,561
395,2,53,4,561
395,3,95,4,561
395,4,91,4,561
395,5,35,4,561
396,1,8,6,870
396,2,65,6,870
396,3,90,6,870
396,4,89,6,870
396,5,44,6,870
397,1,34,1,971
397,2,38,1,971
397,3,17,1,971
397,4,39,1,971
397,5,49,1,971
398,1,13,5,737
398,2,56,5,737
398,3,24,5,737
398,4,21,5,737
398,5,60,5,737
399,1,51,6,673
399,2,96,6,673
399,3,74,6,673
399,4,71,6,673
399,5,3,6,673
400,1,37,5,1000
400,2,72,5,1000
400,3,48,5,1000
400,4,78,5,1000
400,5,29,5,1000
401,1,85,7,482
401,2,18,7,482
401,3,66,7,482
401,4,15,7,482
401,5,71,7,482
402,1,74,3,133
402,2,40,3,133
402,3,28,3,133
402,4,54,3,133
402,5,94,3,133
403,1,5,10,379
403,2,58,10,379
403,3,67,10,379
403,4,93,10,379
403,5,19,10,379
404,1,41,10,810
404,2,45,10,810
404,3,17,10,810
404,4,64,10,810
404,5,22,10,810
405,1,45,9,898
405,2,96,9,898
405,3,81,9,898
405,4,61,9,898
405,5,8,9,898
406,1,15,5,896
406,2,61,5,896
406,3,63,5,896
406,4,38,5,896
406,5,81,5,896
407,1,28,4,688
407,2,15,4,688
407,3,10,4,688
407,4,90,4,688
407,5,67,4,688
408,1,60,7,717
408,2,31,7,717
408,3,7,7,717
408,4,76,7,717
408,5,71,7,717
409,1,9,7,559
409,2,11,7,559
409,3,92,7,559
409,4,46,7,559
409,5,39,7,559
410,1,2,2,253
410,2,87,2,253
410,3,23,2,253
410,4,82,2,253
410,5,2,2,253
411,1,71,9,105
411,2,73,9,105
411,3,26,9,105
411,4,49,9,105
411,5,47,9,105
412,1,5,8,676
412,2,48,8,676
412,3,95,8,676
412,4,26,8,676
412,5,79,8,676
413,1,93,6,461
413,2,53,6,461
413,3,88,6,461
413,4,9,6,461
413,5,29,6,461
414,1,80,3,321
414,2,68,3,321
414,3,32,3,321
414,4,34,3,321
414,5,11,3,321
415,1,74,8,534
415,2,99,8,534
415,3,45,8,534
415,4,72,8,534
415,5,43,8,534
416,1,30,10,384
416,2,52,10,384
416,3,23,10,384
416,4,51,10,384
416,5,72,10,384
417,1,82,4,687
417,2,83,4,687
417,3,5,4,687
417,4,14,4,687
417,5,28,4,687
418,1,5,5,492
418,2,74,5,492
418,3,57,5,492
418,4,92,5,492
418,5,49,5,492
419,1,89,8,808
419,2,44,8,808
419,3,20,8,808
419,4,70,8,808
419,5,42,8,808
420,1,52,9,483
420,2,53,9,483
420,3,43,9,483
420,4,43,9,483
420,5,49,9,483
421,1,53,9,130
421,2,86,9,130
421,3,85,9,130
421,4,3,9,130
421,5,30,9,130
422,1,55,2,957
422,2,12,2,957
422,3,16,2,957
422,4,68,2,957
422,5,39,2,957
423,1,97,1,320
423,2,69,1,320
423,3,37,1,320
423,4,61,1,320
423,5,95,1,320
424,1,98,10,951
424,2,73,10,951
424,3,72,10,951
424,4,8,10,951
424,5,44,10,951
425,1,52,1,489
425,2,17,1,489
425,3,2,1,489
425,4,86,1,489
425,5,91,1,489
426,1,63,7,928
426,2,12,7,928
426,3,52,7,928
426,4,45,7,928
426,5,18,7,928
427,1,1,6,806
427,2,48,6,806
427,3,86,6,806
427,4,29,6,806
427,5,57,6,806
428,1,92,2,276
428,2,91,2,276
428,3,2,2,276
428,4,51,2,276
428,5,84,2,276
429,1,46,4,648
429,2,94,4,648
429,3,12,4,648
429,4,45,4,648
429,5,10,4,648
430,1,34,9,754
430,2,49,9,754
430,3,42,9,754
430,4,33,9,754
430,5,2,9,754
431,1,25,3,374
431,2,22,3,374
431,3,21,3,374
431,4,11,3,374
431,5,74,3,374
432,1,97,6,834
432,2,78,6,834
432,3,33,6,834
432,4,5,6,834
432,5,52,6,834
433,1,53,6,897
433,2,56,6,897
433,3,13,6,897
433,4,90,6,897
433,5,99,6,897
434,1,33,6,127
434,2,73,6,127
434,3,32,6,127
434,4,0,6,127
434,5,74,6,127
435,1,78,3,863
435,2,89,3,863
435,3,75,3,863
435,4,0,3,863
435,5,54,3,863
436,1,88,7,479
436,2,12,7,479
436,3,9,7,479
436,4,38,7,479
436,5,55,7,479
437,1,7,3,435
437,2,13,3,435
437,3,33,3,435
437,4,51,3,435
437,5,59,3,435
438,1,53,5,734
438,2,66,5,734
438,3,84,5,734
438,4,17,5,734
438,5,21,5,734
439,1,9,1,358
439,2,13,1,358
439,3,25,1,358
439,4,86,1,358
439,5,64,1,358
440,1,84,10,211
440,2,45,10,211
440,3,84,10,211
440,4,54,10,211
440,5,56,10,211
441,1,67,3,837
441,2,62,3,837
441,3,76,3,837
441,4,19,3,837
441,5,96,3,837
442,1,97,3,415
442,2,67,3,415
442,3,86,3,415
442,4,25,3,415
442,5,32,3,415
443,1,84,1,391
443,2,44,1,391
443,3,75,1,391
443,4,4,1,391
443,5,89,1,391
444,1,81,5,901
444,2,12,5,901
444,3,84,5,901
444,4,31,5,901
444,5,60,5,901
445,1,79,6,431
445,2,54,6,431
445,3,83,6,431
445,4,76,6,431
445,5,66,6,431
446,1,34,8,100
446,2,51,8,100
446,3,99,8,100
446,4,11,8,100
446,5,85,8,100
447,1,82,5,705
447,2,96,5,705
447,3,1,5,705
447,4,20,5,705
447,5,98,5,705
448,1,91,5,753
448,2,68,5,753
448,3,82,5,753
448,4,87,5,753
448,5,93,5,753
449,1,52,1,191
449,2,32,1,191
449,3,95,1,191
449,4,65,1,191
449,5,29,1,191
450,1,61,4,318
450,2,7,4,318
450,3,24,4,318
450,4,26,4,318
450,5,35,4,318
451,1,52,10,661
451,2,71,10,661
451,3,60,10,661
451,4,21,10,661
451,5,57,10,661
452,1,70,6,314
452,2,75,6,314
452,3,77,6,314
452,4,80,6,314
452,5,67,6,314
453,1,82,8,894
453,2,43,8,894
453,3,61,8,894
453,4,34,8,894
453,5,44,8,894
454,1,55,6,690
454,2,32,6,690
454,3,98,6,690
454,4,64,6,690
454,5,72,6,690
455,1,73,4,709
455,2,88,4,709
455,3,3,4,709
455,4,62,4,709
455,5,29,4,709
456,1,6,2,229
456,2,72,2,229
456,3,70,2,229
456,4,13,2,229
456,5,26,2,229
457,1,39,1,373
457,2,18,1,373
457,3,14,1,373
457,4,70,1,373
457,5,98,1,373
458,1,29,8,584
458,2,62,8,584
458,3,79,8,584
458,4,98,8,584
458,5,40,8,584
459,1,61,9,732
459,2,43,9,732
459,3,57,9,732
459,4,67,9,732
459,5,82,9,732
460,1,99,8,986
460,2,36,8,986
460,3,71,8,986
460,4,73,8,986
460,5,21,8,986
461,1,32,5,728
461,2,81,5,728
461,3,59,5,728
461,4,12,5,728
461,5,90,5,728
462,1,35,7,862
462,2,81,7,862
462,3,81,7,862
462,4,36,7,862
462,5,26,7,862
463,1,0,9,237
463,2,90,9,237
463,3,24,9,237
463,4,98,9,237
463,5,27,9,237
464,1,46,6,493
464,2,32,6,493
464,3,46,6,493
464,4,32,6,493
464,5,65,6,493
465,1,88,9,757
465,2,57,9,757
465,3,28,9,757
465,4,46,9,757
465,5,68,9,757
466,1,28,10,428
466,2,27,10,428
466,3,1,10,428
466,4,43,10,428
466,5,76,10,428
467,1,98,1,883
467,2,71,1,883
467,3,87,1,883
467,4,71,1,883
467,5,29,1,883
468,1,90,2,149
468,2,90,2,149
468,3,60,2,149
468,4,53,2,149
468,5,13,2,149
469,1,16,7,577
469,2,1,7,577
469,3,9,7,577
469,4,97,7,577
469,5,46,7,577
470,1,63,9,431
470,2,62,9,431
470,3,84,9,431
470,4,36,9,431
470,5,98,9,431
471,1,0,7,777
471,2,56,7,777
471,3,72,7,777
471,4,93,7,777
471,5,51,7,777
472,1,80,10,751
472,2,29,10,751
472,3,74,10,751
472,4,28,10,751
472,5,53,10,751
473,1,32,1,754
473,2,59,1,754
473,3,55,1,754
473,4,1,1,754
473,5,8,1,754
474,1,51,1,930
474,2,16,1,930
474,3,28,1,930
474,4,44,1,930
474,5,12,1,930
475,1,21,9,392
475,2,30,9,392
475,3,7,9,392
475,4,4,9,392
475,5,23,9,392
476,1,1,6,981
476,2,61,6,981
476,3,94,6,981
476,4,99,6,981
476,5,98,6,981
477,1,28,10,381
477,2,76,10,381
477,3,20,10,381
477,4,96,10,381
477,5,38,10,381
478,1,45,1,649
478,2,70,1,649
478,3,6,1,649
478,4,64,1,649
478,5,43,1,649
479,1,48,10,873
479,2,78,10,873
479,3,6,10,873
479,4,54,10,873
479,5,89,10,873
480,1,81,2,913
480,2,38,2,913
480,3,37,2,913
480,4,79,2,913
480,5,98,2,913
481,1,25,3,411
481,2,38,3,411
481,3,100,3,411
481,4,27,3,411
481,5,10,3,411
482,1,27,6,556
482,2,40,6,556
482,3,78,6,556
482,4,89,6,556
482,5,37,6,556
483,1,60,2,741
483,2,79,2,741
483,3,84,2,741
483,4,12,2,741
483,5,5,2,741
484,1,50,8,581
484,2,33,8,581
484,3,90,8,581
484,4,14,8,581
484,5,53,8,581
485,1,34,9,847
485,2,77,9,847
485,3,10,9,847
485,4,30,9,847
485,5,39,9,847
486,1,58,1,872
486,2,9,1,872
486,3,100,1,872
486,4,0,1,872
486,5,87,1,872
487,1,5,5,241
487,2,82,5,241
487,3,78,5,241
487,4,32,5,241
487,5,38,5,241
488,1,87,8,865
488,2,38,8,865
488,3,34,8,865
488,4,25,8,865
488,5,35,8,865
489,1,84,3,900
489,2,22,3,900
489,3,74,3,900
489,4,23,3,900
489,5,91,3,900
490,1,45,5,816
490,2,11,5,816
490,3,6,5,816
490,4,30,5,816
490,5,48,5,816
491,1,10,8,621
491,2,8,8,621
491,3,33,8,621
491,4,82,8,621
491,5,9,8,621
492,1,86,2,141
492,2,99,2,141
492,3,0,2,141
492,4,90,2,141
492,5,92,2,141
493,1,47,3,572
493,2,58,3,572
493,3,71,3,572
493,4,2,3,572
493,5,15,3,572
494,1,1,3,346
494,2,33,3,346
494,3,20,3,346
494,4,2,3,346
494,5,94,3,346
495,1,33,8,971
495,2,19,8,971
495,3,83,8,971
495,4,47,8,971
495,5,61,8,971
496,1,78,7,315
496,2,84,7,315
496,3,74,7,315
496,4,59,7,315
496,5,75,7,315
497,1,23,7,865
497,2,60,7,865
497,3,78,7,865
497,4,34,7,865
497,5,21,7,865
498,1,96,3,623
498,2,71,3,623
498,3,49,3,623
498,4,39,3,623
498,5,62,3,623
499,1,91,9,559
499,2,42,9,559
499,3,37,9,559
499,4,100,9,559
499,5,39,9,559
500,1,52,2,763
500,2,34,2,763
500,3,75,2,763
500,4,77,2,763
500,5,86,2,763
501,1,57,3,870
501,2,55,3,870
501,3,1,3,870
501,4,6,3,870
501,5,84,3,870
502,1,77,4,841
502,2,35,4,841
502,3,20,4,841
502,4,70,4,841
502,5,39,4,841
503,1,100,2,300
503,2,100,2,300
503,3,60,2,300
503,4,76,2,300
503,5,79,2,300
504,1,41,4,528
504,2,100,4,528
504,3,0,4,528
504,4,29,4,528
504,5,32,4,528
505,1,56,6,610
505,2,19,6,610
505,3,31,6,610
505,4,8,6,610
505,5,84,6,610
506,1,25,1,438
506,2,34,1,438
506,3,41,1,438
506,4,51,1,438
506,5,86,1,438
507,1,62,10,234
507,2,49,10,234
507,3,67,10,234
507,4,21,10,234
507,5,9,10,234
508,1,95,3,665
508,2,35,3,665
508,3,16,3,665
508,4,3,3,665
508,5,52,3,665
509,1,13,9,946
509,2,46,9,946
509,3,95,9,946
509,4,28,9,946
509,5,87,9,946
510,1,5,5,146
510,2,1,5,146
510,3,52,5,146
510,4,31,5,146
510,5,83,5,146
511,1,51,6,610
511,2,54,6,610
511,3,75,6,610
511,4,24,6,610
511,5,36,6,610
512,1,94,8,725
512,2,55,8,725
512,3,35,8,725
512,4,21,8,725
512,5,81,8,725
513,1,84,2,517
513,2,66,2,517
513,3,49,2,517
513,4,20,2,517
513,5,50,2,517
514,1,95,9,463
514,2,95,9,463
514,3,51,9,463
514,4,20,9,463
514,5,22,9,463
515,1,0,7,786
515,2,75,7,786
515,3,59,7,786
515,4,8,7,786
515,5,90,7,786
516,1,24,2,456
516,2,28,2,456
516,3,55,2,456
516,4,56,2,456
516,5,72,2,456
517,1,60,2,239
517,2,14,2,239
517,3,2,2,239
517,4,32,2,239
517,5,22,2,239
518,1,74,4,255
518,2,96,4,255
518,3,86,4,255
518,4,92,4,255
518,5,32,4,255
519,1,5,6,721
519,2,2,6,721
519,3,55,6,721
519,4,68,6,721
519,5,82,6,721
520,1,46,1,328
520,2,33,1,328
520,3,91,1,328
520,4,24,1,328
520,5,48,1,328
521,1,70,1,217
521,2,93,1,217
521,3,45,1,217
521,4,12,1,217
521,5,63,1,217
522,1,30,6,747
522,2,80,6,747
522,3,79,6,747
522,4,70,6,747
522,5,44,6,747
523,1,79,10,917
523,2,42,10,917
523,3,74,10,917
523,4,61,10,917
523,5,34,10,917
524,1,66,7,544
524,2,28,7,544
524,3,72,7,544
524,4,30,7,544
524,5,63,7,544
525,1,78,4,888
525,2,2,4,888
525,3,22,4,888
525,4,20,4,888
525,5,15,4,888
526,1,22,10,716
526,2,57,10,716
526,3,53,10,716
526,4,28,10,716
526,5,44,10,716
527,1,17,5,637
527,2,79,5,637
527,3,52,5,637
527,4,68,5,637
527,5,61,5,637
528,1,43,10,416
528,2,58,10,416
528,3,0,10,416
528,4,84,10,416
528,5,4,10,416
529,1,58,7,323
529,2,75,7,323
529,3,98,7,323
529,4,0,7,323
529,5,67,7,323
530,1,79,1,636
530,2,97,1,636
530,3,56,1,636
530,4,50,1,636
530,5,24,1,636
531,1,95,2,925
531,2,70,2,925
531,3,46,2,925
531,4,85,2,925
531,5,74,2,925
532,1,38,10,982
532,2,73,10,982
532,3,29,10,982
532,4,53,10,982
532,5,34,10,982
533,1,44,7,267
533,2,81,7,267
533,3,0,7,267
533,4,6,7,267
533,5,91,7,267
534,1,56,8,627
534,2,16,8,627
534,3,7,8,627
534,4,88,8,627
534,5,74,8,627
535,1,83,8,869
535,2,67,8,869
535,3,23,8,869
535,4,74,8,869
535,5,45,8,869
536,1,8,9,854
536,2,55,9,854
536,3,69,9,854
536,4,34,9,854
536,5,43,9,854
537,1,37,2,717
537,2,65,2,717
537,3,74,2,717
537,4,69,2,717
537,5,15,2,717
538,1,93,6,165
538,2,94,6,165
538,3,56,6,165
538,4,40,6,165
538,5,30,6,165
539,1,71,6,556
539,2,11,6,556
539,3,7,6,556
539,4,23,6,556
539,5,90,6,556
540,1,91,1,863
540,2,77,1,863
540,3,38,1,863
540,4,6,1,863
540,5,79,1,863
541,1,20,8,164
541,2,43,8,164
541,3,24,8,164
541,4,45,8,164
541,5,6,8,164
542,1,26,2,916
542,2,24,2,916
542,3,24,2,916
542,4,81,2,916
542,5,81,2,916
543,1,99,6,837
543,2,24,6,837
543,3,8,6,837
543,4,50,6,837
543,5,8,6,837
544,1,11,5,554
544,2,20,5,554
544,3,55,5,554
544,4,91,5,554
544,5,43,5,554
545,1,30,3,976
545,2,39,3,976
545,3,100,3,976
545,4,22,3,976
545,5,48,3,976
546,1,91,6,601
546,2,10,6,601
546,3,22,6,601
546,4,90,6,601
546,5,62,6,601
547,1,37,4,346
547,2,17,4,346
547,3,4,4,346
547,4,1,4,346
547,5,80,4,346
548,1,95,7,321
548,2,79,7,321
548,3,89,7,321
548,4,48,7,321
548,5,33,7,321
549,1,71,7,620
549,2,62,7,620
549,3,66,7,620
549,4,10,7,620
549,5,2,7,620
550,1,51,1,636
550,2,52,1,636
550,3,55,1,636
550,4,26,1,636
550,5,57,1,636
551,1,48,1,274
551,2,19,1,274
551,3,84,1,274
551,4,68,1,274
551,5,1,1,274
552,1,4,5,487
552,2,72,5,487
552,3,5,5,487
552,4,72,5,487
552,5,63,5,487
553,1,67,4,764
553,2,37,4,764
553,3,9,4,764
553,4,13,4,764
553,5,52,4,764
554,1,58,4,502
554,2,65,4,502
554,3,73,4,502
554,4,44,4,502
554,5,60,4,502
555,1,81,4,888
555,2,9,4,888
555,3,63,4,888
555,4,55,4,888
555,5,61,4,888
556,1,85,4,880
556,2,71,4,880
556,3,17,4,880
556,4,30,4,880
556,5,76,4,880
557,1,37,4,329
557,2,5,4,329
557,3,80,4,329
557,4,9,4,329
557,5,4,4,329
558,1,90,9,157
558,2,86,9,157
558,3,73,9,157
558,4,58,9,157
558,5,73,9,157
559,1,79,10,1000
559,2,6,10,1000
559,3,67,10,1000
559,4,82,10,1000
559,5,59,10,1000
560,1,99,7,938
560,2,78,7,938
560,3,78,7,938
560,4,100,7,938
560,5,91,7,938
561,1,95,2,240
561,2,49,2,240
561,3,93,2,240
561,4,43,2,240
561,5,64,2,240
562,1,71,10,529
562,2,35,10,529
562,3,50,10,529
562,4,14,10,529
562,5,81,10,529
563,1,16,9,414
563,2,26,9,414
563,3,100,9,414
563,4,77,9,414
563,5,90,9,414
564,1,61,6,666
564,2,39,6,666
564,3,49,6,666
564,4,15,6,666
564,5,59,6,666
565,1,76,10,445
565,2,63,10,445
565,3,61,10,445
565,4,52,10,445
565,5,67,10,445
566,1,28,1,288
566,2,45,1,288
566,3,82,1,288
566,4,36,1,288
566,5,74,1,288
567,1,92,2,851
567,2,71,2,851
567,3,16,2,851
567,4,81,2,851
567,5,20,2,851
568,1,71,5,690
568,2,26,5,690
568,3,46,5,690
568,4,70,5,690
568,5,95,5,690
569,1,94,10,267
569,2,33,10,267
569,3,5,10,267
569,4,4,10,267
569,5,57,10,267
570,1,95,8,397
570,2,18,8,397
570,3,93,8,397
570,4,77,8,397
570,5,81,8,397
571,1,32,9,415
571,2,32,9,415
571,3,47,9,415
571,4,85,9,415
571,5,48,9,415
572,1,88,6,759
572,2,40,6,759
572,3,4,6,759
572,4,84,6,759
572,5,68,6,759
573,1,55,1,737
573,2,66,1,737
573,3,73,1,737
573,4,31,1,737
573,5,49,1,737
574,1,57,7,941
574,2,34,7,941
574,3,55,7,941
574,4,54,7,941
574,5,21,7,941
575,1,57,2,799
575,2,36,2,799
575,3,50,2,799
575,4,79,2,799
575,5,89,2,799
576,1,88,4,832
576,2,2,4,832
576,3,96,4,832
576,4,72,4,832
576,5,52,4,832
577,1,86,7,296
577,2,64,7,296
577,3,15,7,296
577,4,97,7,296
577,5,94,7,296
578,1,57,9,874
578,2,25,9,874
578,3,42,9,874
578,4,66,9,874
578,5,40,9,874
579,1,83,4,755
579,2,73,4,755
579,3,7,4,755
579,4,67,4,755
579,5,86,4,755
580,1,4,7,788
580,2,57,7,788
580,3,4,7,788
580,4,99,7,788
580,5,6,7,788
581,1,63,8,860
581,2,23,8,860
581,3,16,8,860
581,4,13,8,860
581,5,36,8,860
582,1,99,1,146
582,2,56,1,146
582,3,15,1,146
582,4,44,1,146
582,5,53,1,146
583,1,67,6,984
583,2,40,6,984
583,3,2,6,984
583,4,39,6,984
583,5,77,6,984
584,1,16,7,734
584,2,47,7,734
584,3,80,7,734
584,4,30,7,734
584,5,18,7,734
585,1,24,8,574
585,2,89,8,574
585,3,47,8,574
585,4,47,8,574
585,5,44,8,574
586,1,19,4,223
586,2,31,4,223
586,3,46,4,223
586,4,44,4,223
586,5,90,4,223
587,1,96,3,911
587,2,40,3,911
587,3,21,3,911
587,4,54,3,911
587,5,98,3,911
588,1,52,7,403
588,2,6,7,403
588,3,33,7,403
588,4,43,7,403
588,5,78,7,403
589,1,18,9,171
589,2,28,9,171
589,3,59,9,171
589,4,98,9,171
589,5,11,9,171
590,1,74,7,388
590,2,27,7,388
590,3,76,7,388
590,4,8,7,388
590,5,75,7,388
591,1,86,4,993
591,2,10,4,993
591,3,47,4,993
591,4,28,4,993
591,5,63,4,993
592,1,11,10,821
592,2,30,10,821
592,3,21,10,821
592,4,93,10,821
592,5,62,10,821
593,1,37,10,850
593,2,19,10,850
593,3,49,10,850
593,4,64,10,850
593,5,13,10,850
594,1,83,8,410
594,2,98,8,410
594,3,80,8,410
594,4,75,8,410
594,5,33,8,410
595,1,4,7,310
595,2,56,7,310
595,3,15,7,310
595,4,88,7,310
595,5,38,7,310
596,1,87,8,815
596,2,84,8,815
596,3,39,8,815
596,4,33,8,815
596,5,32,8,815
597,1,0,1,750
597,2,85,1,750
597,3,98,1,750
597,4,75,1,750
597,5,21,1,750
598,1,15,7,179
598,2,54,7,179
598,3,100,7,179
598,4,27,7,179
598,5,93,7,179
599,1,33,2,848
599,2,91,2,848
599,3,88,2,848
599,4,72,2,848
599,5,91,2,848
600,1,62,8,727
600,2,6,8,727
600,3,12,8,727
600,4,86,8,727
600,5,21,8,727
601,1,66,5,671
601,2,97,5,671
601,3,26,5,671
601,4,98,5,671
601,5,32,5,671
602,1,93,4,417
602,2,83,4,417
602,3,49,4,417
602,4,1,4,417
602,5,59,4,417
603,1,24,4,971
603,2,50,4,971
603,3,68,4,971
603,4,86,4,971
603,5,35,4,971
604,1,60,7,906
604,2,15,7,906
604,3,52,7,906
604,4,13,7,906
604,5,64,7,906
605,1,64,8,793
605,2,98,8,793
605,3,26,8,793
605,4,92,8,793
605,5,28,8,793
606,1,16,7,964
606,2,67,7,964
606,3,63,7,964
606,4,83,7,964
606,5,72,7,964
607,1,100,4,597
607,2,63,4,597
607,3,0,4,597
607,4,66,4,597
607,5,41,4,597
608,1,64,3,470
608,2,39,3,470
608,3,87,3,470
608,4,57,3,470
608,5,9,3,470
609,1,31,8,461
609,2,71,8,461
609,3,51,8,461
609,4,31,8,461
609,5,23,8,461
610,1,6,10,518
610,2,35,10,518
610,3,40,10,518
610,4,1,10,518
610,5,0,10,518
611,1,18,9,967
611,2,60,9,967
611,3,57,9,967
611,4,54,9,967
611,5,20,9,967
612,1,17,1,588
612,2,8,1,588
612,3,99,1,588
612,4,33,1,588
612,5,79,1,588
613,1,81,2,159
613,2,98,2,159
613,3,91,2,159
613,4,66,2,159
613,5,49,2,159
614,1,52,9,587
614,2,0,9,587
614,3,78,9,587
614,4,37,9,587
614,5,13,9,587
615,1,91,7,303
615,2,32,7,303
615,3,59,7,303
615,4,51,7,303
615,5,59,7,303
616,1,23,3,488
616,2,61,3,488
616,3,64,3,488
616,4,38,3,488
616,5,15,3,488
617,1,1,10,664
617,2,48,10,664
617,3,24,10,664
617,4,55,10,664
617,5,45,10,664
618,1,48,7,246
618,2,14,7,246
618,3,26,7,246
618,4,13,7,246
618,5,88,7,246
619,1,76,7,243
619,2,24,7,243
619,3,85,7,243
619,4,49,7,243
619,5,42,7,243
620,1,100,2,837
620,2,34,2,837
620,3,38,2,837
620,4,62,2,837
620,5,94,2,837
621,1,19,2,716
621,2,73,2,716
621,3,33,2,716
621,4,81,2,716
621,5,24,2,716
622,1,78,1,289
622,2,63,1,289
622,3,60,1,289
622,4,99,1,289
622,5,49,1,289
623,1,51,10,683
623,2,48,10,683
623,3,98,10,683
623,4,45,10,683
623,5,72,10,683
624,1,97,2,762
624,2,40,2,762
624,3,32,2,762
624,4,93,2,762
624,5,55,2,762
625,1,44,7,175
625,2,15,7,175
625,3,28,7,175
625,4,55,7,175
625,5,50,7,175
626,1,38,2,127
626,2,29,2,127
626,3,16,2,127
626,4,28,2,127
626,5,39,2,127
627,1,22,3,202
627,2,32,3,202
627,3,6,3,202
627,4,80,3,202
627,5,47,3,202
628,1,89,2,676
628,2,42,2,676
628,3,8,2,676
628,4,36,2,676
628,5,26,2,676
629,1,31,10,182
629,2,13,10,182
629,3,9,10,182
629,4,3,10,182
629,5,95,10,182
630,1,51,2,703
630,2,74,2,703
630,3,98,2,703
630,4,72,2,703
630,5,1,2,703
631,1,20,3,205
631,2,29,3,205
631,3,69,3,205
631,4,88,3,205
631,5,53,3,205
632,1,86,2,950
632,2,63,2,950
632,3,89,2,950
632,4,43,2,950
632,5,0,2,950
633,1,26,10,369
633,2,39,10,369
633,3,12,10,369
633,4,79,10,369
633,5,21,10,369
634,1,50,7,221
634,2,19,7,221
634,3,47,7,221
634,4,99,7,221
634,5,75,7,221
635,1,48,4,420
635,2,10,4,420
635,3,41,4,420
635,4,31,4,420
635,5,15,4,420
636,1,68,7,502
636,2,81,7,502
636,3,2,7,502
636,4,69,7,502
636,5,29,7,502
637,1,29,6,595
637,2,59,6,595
637,3,53,6,595
637,4,97,6,595
637,5,60,6,595
638,1,4,8,760
638,2,58,8,760
638,3,19,8,760
638,4,21,8,760
638,5,86,8,760
639,1,84,7,579
639,2,84,7,579
639,3,87,7,579
639,4,66,7,579
639,5,88,7,579
640,1,10,4,204
640,2,1,4,204
640,3,35,4,204
640,4,23,4,204
640,5,72,4,204
641,1,67,8,772
641,2,82,8,772
641,3,34,8,772
641,4,83,8,772
641,5,70,8,772
642,1,54,5,795
642,2,94,5,795
642,3,35,5,795
642,4,60,5,795
642,5,44,5,795
643,1,86,6,989
643,2,23,6,989
643,3,80,6,989
643,4,51,6,989
643,5,9,6,989
644,1,17,6,337
644,2,77,6,337
644,3,54,6,337
644,4,35,6,337
644,5,5,6,337
645,1,84,2,412
645,2,22,2,412
645,3,20,2,412
645,4,86,2,412
645,5,31,2,412
646,1,42,4,621
646,2,23,4,621
646,3,30,4,621
646,4,4,4,621
646,5,65,4,621
647,1,67,8,654
647,2,54,8,654
647,3,80,8,654
647,4,3,8,654
647,5,66,8,654
648,1,36,8,793
648,2,17,8,793
648,3,1,8,793
648,4,24,8,793
648,5,12,8,793
649,1,39,9,386
649,2,52,9,386
649,3,96,9,386
649,4,21,9,386
649,5,37,9,386
650,1,30,6,316
650,2,96,6,316
650,3,22,6,316
650,4,64,6,316
650,5,78,6,316
651,1,29,7,627
651,2,30,7,627
651,3,25,7,627
651,4,76,7,627
651,5,3,7,627
652,1,58,8,647
652,2,3,8,647
652,3,20,8,647
652,4,8,8,647
652,5,65,8,647
653,1,1,3,390
653,2,28,3,390
653,3,94,3,390
653,4,16,3,390
653,5,70,3,390
654,1,50,2,345
654,2,18,2,345
654,3,48,2,345
654,4,84,2,345
654,5,64,2,345
655,1,70,5,933
655,2,60,5,933
655,3,27,5,933
655,4,14,5,933
655,5,76,5,933
656,1,58,9,249
656,2,21,9,249
656,3,64,9,249
656,4,78,9,249
656,5,92,9,249
657,1,100,2,476
657,2,24,2,476
657,3,84,2,476
657,4,10,2,476
657,5,79,2,476
658,1,36,2,908
658,2,90,2,908
658,3,9,2,908
658,4,25,2,908
658,5,65,2,908
659,1,16,10,558
659,2,58,10,558
659,3,68,10,558
659,4,17,10,558
659,5,79,10,558
660,1,62,8,659
660,2,87,8,659
660,3,11,8,659
660,4,38,8,659
660,5,99,8,659
661,1,45,2,541
661,2,56,2,541
661,3,71,2,541
661,4,10,2,541
661,5,72,2,541
662,1,65,3,942
662,2,58,3,942
662,3,8,3,942
662,4,96,3,942
662,5,31,3,942
663,1,37,3,847
663,2,25,3,847
663,3,54,3,847
663,4,83,3,847
663,5,84,3,847
664,1,75,10,843
664,2,80,10,843
664,3,56,10,843
664,4,28,10,843
664,5,31,10,843
665,1,64,1,553
665,2,35,1,553
665,3,17,1,553
665,4,67,1,553
665,5,21,1,553
666,1,98,2,938
666,2,29,2,938
666,3,31,2,938
666,4,31,2,938
666,5,15,2,938
667,1,11,10,967
667,2,85,10,967
667,3,53,10,967
667,4,36,10,967
667,5,65,10,967
668,1,39,8,825
668,2,47,8,825
668,3,45,8,825
668,4,76,8,825
668,5,60,8,825
669,1,38,5,193
669,2,12,5,193
669,3,77,5,193
669,4,1,5,193
669,5,37,5,193
670,1,74,5,791
670,2,75,5,791
670,3,99,5,791
670,4,100,5,791
670,5,39,5,791
671,1,5,7,266
671,2,10,7,266
671,3,90,7,266
671,4,27,7,266
671,5,7,7,266
672,1,86,7,971
672,2,76,7,971
672,3,56,7,971
672,4,18,7,971
672,5,1,7,971
673,1,0,6,779
673,2,56,6,779
673,3,93,6,779
673,4,66,6,779
673,5,21,6,779
674,1,30,3,106
674,2,3,3,106
674,3,19,3,106
674,4,55,3,106
674,5,90,3,106
675,1,67,6,926
675,2,4,6,926
675,3,33,6,926
675,4,39,6,926
675,5,62,6,926
676,1,18,2,482
676,2,32,2,482
676,3,34,2,482
676,4,14,2,482
676,5,80,2,482
677,1,65,9,880
677,2,58,9,880
677,3,97,9,880
677,4,27,9,880
677,5,86,9,880
678,1,85,5,118
678,2,12,5,118
678,3,72,5,118
678,4,97,5,118
678,5,69,5,118
679,1,27,5,418
679,2,4,5,418
679,3,26,5,418
679,4,77,5,418
679,5,16,5,418
680,1,24,7,241
680,2,25,7,241
680,3,48,7,241
680,4,36,7,241
680,5,31,7,241
681,1,31,7,657
681,2,20,7,657
681,3,96,7,657
681,4,24,7,657
681,5,23,7,657
682,1,50,10,845
682,2,50,10,845
682,3,19,10,845
682,4,81,10,845
682,5,59,10,845
683,1,99,4,462
683,2,12,4,462
683,3,87,4,462
683,4,93,4,462
683,5,15,4,462
684,1,40,4,107
684,2,72,4,107
684,3,58,4,107
684,4,54,4,107
684,5,57,4,107
685,1,35,6,451
685,2,90,6,451
685,3,10,6,451
685,4,77,6,451
685,5,98,6,451
686,1,74,1,672
686,2,28,1,672
686,3,75,1,672
686,4,62,1,672
686,5,87,1,672
687,1,99,9,758
687,2,83,9,758
687,3,44,9,758
687,4,11,9,758
687,5,78,9,758
688,1,14,9,888
688,2,56,9,888
688,3,0,9,888
688,4,97,9,888
688,5,2,9,888
689,1,63,3,654
689,2,83,3,654
689,3,48,3,654
689,4,67,3,654
689,5,92,3,654
690,1,8,10,993
690,2,12,10,993
690,3,49,10,993
690,4,57,10,993
690,5,40,10,993
691,1,60,5,750
691,2,61,5,750
691,3,2,5,750
691,4,32,5,750
691,5,0,5,750
692,1,28,3,383
692,2,10,3,383
692,3,59,3,383
692,4,95,3,383
692,5,71,3,383
693,1,15,4,441
693,2,30,4,441
693,3,56,4,441
693,4,40,4,441
693,5,30,4,441
694,1,64,10,472
694,2,66,10,472
694,3,73,10,472
694,4,94,10,472
694,5,36,10,472
695,1,34,7,225
695,2,34,7,225
695,3,61,7,225
695,4,27,7,225
695,5,2,7,225
696,1,42,10,147
696,2,58,10,147
696,3,69,10,147
696,4,37,10,147
696,5,87,10,147
697,1,99,9,785
697,2,79,9,785
697,3,22,9,785
697,4,5,9,785
697,5,51,9,785
698,1,46,8,322
698,2,41,8,322
698,3,57,8,322
698,4,98,8,322
698,5,87,8,322
699,1,5,2,717
699,2,70,2,717
699,3,69,2,717
699,4,86,2,717
699,5,79,2,717
700,1,44,3,211
700,2,35,3,211
700,3,96,3,211
700,4,65,3,211
700,5,11,3,211
701,1,80,4,263
701,2,1,4,263
701,3,45,4,263
701,4,66,4,263
701,5,72,4,263
702,1,15,3,492
702,2,73,3,492
702,3,30,3,492
702,4,26,3,492
702,5,5,3,492
703,1,74,8,697
703,2,30,8,697
703,3,95,8,697
703,4,43,8,697
703,5,2,8,697
704,1,42,3,715
704,2,39,3,715
704,3,100,3,715
704,4,76,3,715
704,5,77,3,715
705,1,54,2,391
705,2,8,2,391
705,3,48,2,391
705,4,83,2,391
705,5,82,2,391
706,1,16,2,655
706,2,62,2,655
706,3,91,2,655
706,4,100,2,655
706,5,25,2,655
707,1,32,1,458
707,2,34,1,458
707,3,41,1,458
707,4,4,1,458
707,5,68,1,458
708,1,45,7,324
708,2,30,7,324
708,3,82,7,324
708,4,29,7,324
708,5,96,7,324
709,1,77,7,179
709,2,97,7,179
709,3,76,7,179
709,4,67,7,179
709,5,18,7,179
710,1,37,7,690
710,2,84,7,690
710,3,3,7,690
710,4,75,7,690
710,5,58,7,690
711,1,97,4,227
711,2,43,4,227
711,3,26,4,227
711,4,95,4,227
711,5,68,4,227
712,1,34,2,767
712,2,14,2,767
712,3,64,2,767
712,4,84,2,767
712,5,81,2,767
713,1,18,2,703
713,2,41,2,703
713,3,81,2,703
713,4,71,2,703
713,5,83,2,703
714,1,53,8,857
714,2,32,8,857
714,3,25,8,857
714,4,97,8,857
714,5,7,8,857
715,1,60,6,284
715,2,54,6,284
715,3,97,6,284
715,4,22,6,284
715,5,48,6,284
716,1,72,10,470
716,2,27,10,470
716,3,64,10,470
716,4,71,10,470
716,5,11,10,470
717,1,37,9,817
717,2,100,9,817
717,3,36,9,817
717,4,86,9,817
717,5,80,9,817
718,1,69,10,139
718,2,53,10,139
718,3,86,10,139
718,4,27,10,139
718,5,21,10,139
719,1,90,4,162
719,2,26,4,162
719,3,53,4,162
719,4,76,4,162
719,5,69,4,162
720,1,68,3,248
720,2,66,3,248
720,3,73,3,248
720,4,41,3,248
720,5,37,3,248
721,1,15,6,801
721,2,52,6,801
721,3,81,6,801
721,4,78,6,801
721,5,50,6,801
722,1,81,6,850
722,2,39,6,850
722,3,27,6,850
722,4,74,6,850
722,5,26,6,850
723,1,61,1,526
723,2,32,1,526
723,3,61,1,526
723,4,42,1,526
723,5,80,1,526
724,1,64,5,603
724,2,34,5,603
724,3,91,5,603
724,4,88,5,603
724,5,87,5,603
725,1,37,3,231
725,2,78,3,231
725,3,52,3,231
725,4,4,3,231
725,5,86,3,231
726,1,34,5,766
726,2,81,5,766
726,3,17,5,766
726,4,43,5,766
726,5,2,5,766
727,1,23,3,894
727,2,65,3,894
727,3,30,3,894
727,4,36,3,894
727,5,20,3,894
728,1,51,7,821
728,2,81,7,821
728,3,49,7,821
728,4,6,7,821
728,5,44,7,821
729,1,29,4,911
729,2,86,4,911
729,3,84,4,911
729,4,18,4,911
729,5,74,4,911
730,1,46,5,804
730,2,25,5,804
730,3,21,5,804
730,4,97,5,804
730,5,53,5,804
731,1,9,8,865
731,2,86,8,865
731,3,82,8,865
731,4,86,8,865
731,5,21,8,865
732,1,34,5,730
732,2,56,5,730
732,3,19,5,730
732,4,86,5,730
732,5,55,5,730
733,1,26,4,864
733,2,54,4,864
733,3,84,4,864
733,4,9,4,864
733,5,36,4,864
734,1,27,6,554
734,2,19,6,554
734,3,23,6,554
734,4,84,6,554
734,5,23,6,554
735,1,90,9,558
735,2,45,9,558
735,3,40,9,558
735,4,65,9,558
735,5,73,9,558
736,1,42,6,251
736,2,13,6,251
736,3,64,6,251
736,4,33,6,251
736,5,61,6,251
737,1,32,3,765
737,2,9,3,765
737,3,79,3,765
737,4,37,3,765
737,5,65,3,765
738,1,62,5,542
738,2,17,5,542
738,3,71,5,542
738,4,69,5,542
738,5,92,5,542
739,1,15,9,460
739,2,91,9,460
739,3,26,9,460
739,4,42,9,460
739,5,94,9,460
740,1,2,10,936
740,2,19,10,936
740,3,0,10,936
740,4,50,10,936
740,5,86,10,936
741,1,92,2,310
741,2,68,2,310
741,3,77,2,310
741,4,95,2,310
741,5,1,2,310
742,1,20,9,983
742,2,32,9,983
742,3,24,9,983
742,4,17,9,983
742,5,42,9,983
743,1,95,1,967
743,2,68,1,967
743,3,94,1,967
743,4,56,1,967
743,5,33,1,967
744,1,56,5,346
744,2,99,5,346
744,3,62,5,346
744,4,59,5,346
744,5,77,5,346
745,1,24,9,245
745,2,42,9,245
745,3,26,9,245
745,4,20,9,245
745,5,13,9,245
746,1,45,9,985
746,2,84,9,985
746,3,34,9,985
746,4,40,9,985
746,5,96,9,985
747,1,92,9,622
747,2,20,9,622
747,3,7,9,622
747,4,76,9,622
747,5,53,9,622
748,1,15,2,206
748,2,55,2,206
748,3,11,2,206
748,4,34,2,206
748,5,46,2,206
749,1,90,4,100
749,2,30,4,100
749,3,70,4,100
749,4,83,4,100
749,5,81,4,100
750,1,54,6,354
750,2,69,6,354
750,3,80,6,354
750,4,40,6,354
750,5,71,6,354
751,1,89,6,609
751,2,35,6,609
751,3,54,6,609
751,4,37,6,609
751,5,6,6,609
752,1,38,4,563
752,2,81,4,563
752,3,31,4,563
752,4,97,4,563
752,5,79,4,563
753,1,71,5,317
753,2,24,5,317
753,3,13,5,317
753,4,32,5,317
753,5,4,5,317
754,1,64,9,232
754,2,42,9,232
754,3,17,9,232
754,4,89,9,232
754,5,67,9,232
755,1,24,8,643
755,2,59,8,643
755,3,2,8,643
755,4,86,8,643
755,5,91,8,643
756,1,55,3,314
756,2,63,3,314
756,3,28,3,314
756,4,96,3,314
756,5,14,3,314
757,1,54,7,761
757,2,93,7,761
757,3,28,7,761
757,4,94,7,761
757,5,4,7,761
758,1,66,9,267
758,2,75,9,267
758,3,30,9,267
758,4,91,9,267
758,5,38,9,267
759,1,62,1,367
759,2,55,1,367
759,3,97,1,367
759,4,96,1,367
759,5,54,1,367
760,1,35,9,961
760,2,47,9,961
760,3,60,9,961
760,4,34,9,961
760,5,46,9,961
761,1,64,2,639
761,2,36,2,639
761,3,14,2,639
761,4,28,2,639
761,5,40,2,639
762,1,16,3,501
762,2,67,3,501
762,3,63,3,501
762,4,85,3,501
762,5,97,3,501
763,1,92,6,408
763,2,41,6,408
763,3,31,6,408
763,4,35,6,408
763,5,39,6,408
764,1,8,6,443
764,2,74,6,443
764,3,82,6,443
764,4,11,6,443
764,5,39,6,443
765,1,14,5,313
765,2,72,5,313
765,3,22,5,313
765,4,47,5,313
765,5,89,5,313
766,1,42,3,166
766,2,72,3,166
766,3,58,3,166
766,4,62,3,166
766,5,3,3,166
767,1,92,9,346
767,2,88,9,346
767,3,62,9,346
767,4,96,9,346
767,5,38,9,346
768,1,17,7,631
768,2,81,7,631
768,3,18,7,631
768,4,33,7,631
768,5,100,7,631
769,1,95,4,143
769,2,88,4,143
769,3,33,4,143
769,4,52,4,143
769,5,72,4,143
770,1,65,8,615
770,2,7,8,615
770,3,92,8,615
770,4,72,8,615
770,5,55,8,615
771,1,95,3,664
771,2,49,3,664
771,3,62,3,664
771,4,89,3,664
771,5,89,3,664
772,1,20,3,911
772,2,86,3,911
772,3,81,3,911
772,4,3,3,911
772,5,26,3,911
773,1,75,9,783
773,2,3,9,783
773,3,20,9,783
773,4,56,9,783
773,5,22,9,783
774,1,12,5,921
774,2,53,5,921
774,3,50,5,921
774,4,9,5,921
774,5,70,5,921
775,1,18,9,168
775,2,33,9,168
775,3,63,9,168
775,4,8,9,168
775,5,95,9,168
776,1,75,5,678
776,2,72,5,678
776,3,81,5,678
776,4,27,5,678
776,5,41,5,678
777,1,9,1,866
777,2,83,1,866
777,3,35,1,866
777,4,54,1,866
777,5,92,1,866
778,1,9,7,933
778,2,35,7,933
778,3,1,7,933
778,4,37,7,933
778,5,79,7,933
779,1,25,7,298
779,2,61,7,298
779,3,64,7,298
779,4,37,7,298
779,5,59,7,298
780,1,6,10,619
780,2,79,10,619
780,3,52,10,619
780,4,3,10,619
780,5,37,10,619
781,1,0,8,495
781,2,42,8,495
781,3,26,8,495
781,4,61,8,495
781,5,4,8,495
782,1,29,7,527
782,2,79,7,527
782,3,15,7,527
782,4,23,7,527
782,5,51,7,527
783,1,92,4,780
783,2,84,4,780
783,3,20,4,780
783,4,8,4,780
783,5,48,4,780
784,1,15,10,409
784,2,67,10,409
784,3,20,10,409
784,4,39,10,409
784,5,99,10,409
785,1,7,2,958
785,2,56,2,958
785,3,94,2,958
785,4,1,2,958
785,5,4,2,958
786,1,48,7,430
786,2,49,7,430
786,3,1,7,430
786,4,82,7,430
786,5,52,7,430
787,1,96,8,747
787,2,50,8,747
787,3,61,8,747
787,4,41,8,747
787,5,99,8,747
788,1,96,4,987
788,2,75,4,987
788,3,37,4,987
788,4,100,4,987
788,5,91,4,987
789,1,14,9,880
789,2,68,9,880
789,3,92,9,880
789,4,27,9,880
789,5,83,9,880
790,1,90,9,341
790,2,44,9,341
790,3,74,9,341
790,4,60,9,341
790,5,37,9,341
791,1,100,8,404
791,2,42,8,404
791,3,85,8,404
791,4,6,8,404
791,5,30,8,404
792,1,86,7,895
792,2,59,7,895
792,3,52,7,895
792,4,66,7,895
792,5,74,7,895
793,1,28,6,406
793,2,35,6,406
793,3,63,6,406
793,4,56,6,406
793,5,36,6,406
794,1,47,1,828
794,2,80,1,828
794,3,0,1,828
794,4,86,1,828
794,5,92,1,828
795,1,66,3,322
795,2,25,3,322
795,3,12,3,322
795,4,97,3,322
795,5,59,3,322
796,1,17,8,427
796,2,85,8,427
796,3,37,8,427
796,4,71,8,427
796,5,71,8,427
797,1,91,9,888
797,2,64,9,888
797,3,24,9,888
797,4,32,9,888
797,5,25,9,888
798,1,15,6,721
798,2,36,6,721
798,3,64,6,721
798,4,76,6,721
798,5,13,6,721
799,1,31,1,613
799,2,3,1,613
799,3,34,1,613
799,4,82,1,613
799,5,57,1,613
800,1,60,4,746
800,2,31,4,746
800,3,88,4,746
800,4,76,4,746
800,5,62,4,746
801,1,43,7,474
801,2,56,7,474
801,3,95,7,474
801,4,60,7,474
801,5,10,7,474
802,1,28,3,552
802,2,13,3,552
802,3,52,3,552
802,4,12,3,552
802,5,62,3,552
803,1,43,3,212
803,2,11,3,212
803,3,90,3,212
803,4,21,3,212
803,5,11,3,212
804,1,30,6,805
804,2,92,6,805
804,3,87,6,805
804,4,7,6,805
804,5,75,6,805
805,1,69,10,302
805,2,45,10,302
805,3,60,10,302
805,4,11,10,302
805,5,96,10,302
806,1,3,4,321
806,2,57,4,321
806,3,42,4,321
806,4,79,4,321
806,5,97,4,321
807,1,31,2,668
807,2,36,2,668
807,3,59,2,668
807,4,44,2,668
807,5,1,2,668
808,1,67,6,444
808,2,94,6,444
808,3,23,6,444
808,4,4,6,444
808,5,47,6,444
809,1,29,1,214
809,2,43,1,214
809,3,11,1,214
809,4,59,1,214
809,5,63,1,214
810,1,0,8,177
810,2,38,8,177
810,3,17,8,177
810,4,10,8,177
810,5,53,8,177
811,1,64,1,703
811,2,90,1,703
811,3,58,1,703
811,4,36,1,703
811,5,89,1,703
812,1,29,10,763
812,2,12,10,763
812,3,28,10,763
812,4,69,10,763
812,5,55,10,763
813,1,69,1,955
813,2,77,1,955
813,3,6,1,955
813,4,85,1,955
813,5,34,1,955
814,1,36,3,324
814,2,93,3,324
814,3,65,3,324
814,4,37,3,324
814,5,86,3,324
815,1,62,4,300
815,2,52,4,300
815,3,68,4,300
815,4,29,4,300
815,5,43,4,300
816,1,11,8,969
816,2,9,8,969
816,3,1,8,969
816,4,40,8,969
816,5,12,8,969
817,1,74,2,602
817,2,46,2,602
817,3,63,2,602
817,4,96,2,602
817,5,47,2,602
818,1,3,8,279
818,2,21,8,279
818,3,3,8,279
818,4,84,8,279
818,5,28,8,279
819,1,40,5,196
819,2,12,5,196
819,3,29,5,196
819,4,94,5,196
819,5,26,5,196
820,1,61,3,235
820,2,80,3,235
820,3,93,3,235
820,4,88,3,235
820,5,47,3,235
821,1,2,6,857
821,2,19,6,857
821,3,90,6,857
821,4,34,6,857
821,5,82,6,857
822,1,3,8,440
822,2,74,8,440
822,3,84,8,440
822,4,5,8,440
822,5,23,8,440
823,1,75,9,727
823,2,6,9,727
823,3,56,9,727
823,4,76,9,727
823,5,86,9,727
824,1,77,7,234
824,2,49,7,234
824,3,90,7,234
824,4,62,7,234
824,5,34,7,234
825,1,29,10,510
825,2,83,10,510
825,3,94,10,510
825,4,34,10,510
825,5,88,10,510
826,1,81,9,830
826,2,0,9,830
826,3,94,9,830
826,4,64,9,830
826,5,22,9,830
827,1,93,7,191
827,2,42,7,191
827,3,11,7,191
827,4,22,7,191
827,5,47,7,191
828,1,38,8,178
828,2,63,8,178
828,3,65,8,178
828,4,61,8,178
828,5,40,8,178
829,1,16,5,541
829,2,45,5,541
829,3,36,5,541
829,4,65,5,541
829,5,80,5,541
830,1,89,1,272
830,2,34,1,272
830,3,10,1,272
830,4,84,1,272
830,5,51,1,272
831,1,79,7,877
831,2,67,7,877
831,3,70,7,877
831,4,74,7,877
831,5,99,7,877
832,1,72,4,998
832,2,39,4,998
832,3,67,4,998
832,4,63,4,998
832,5,27,4,998
833,1,61,7,229
833,2,46,7,229
833,3,31,7,229
833,4,25,7,229
833,5,68,7,229
834,1,27,9,243
834,2,6,9,243
834,3,36,9,243
834,4,8,9,243
834,5,96,9,243
835,1,28,2,545
835,2,30,2,545
835,3,53,2,545
835,4,79,2,545
835,5,51,2,545
836,1,69,1,821
836,2,91,1,821
836,3,59,1,821
836,4,68,1,821
836,5,84,1,821
837,1,21,8,114
837,2,71,8,114
837,3,48,8,114
837,4,34,8,114
837,5,14,8,114
838,1,100,6,943
838,2,84,6,943
838,3,35,6,943
838,4,78,6,943
838,5,71,6,943
839,1,37,10,984
839,2,55,10,984
839,3,62,10,984
839,4,65,10,984
839,5,92,10,984
840,1,50,5,469
840,2,50,5,469
840,3,33,5,469
840,4,17,5,469
840,5,98,5,469
841,1,98,2,600
841,2,25,2,600
841,3,69,2,600
841,4,15,2,600
841,5,88,2,600
842,1,21,5,580
842,2,52,5,580
842,3,100,5,580
842,4,35,5,580
842,5,0,5,580
843,1,1,4,775
843,2,26,4,775
843,3,71,4,775
843,4,32,4,775
843,5,11,4,775
844,1,33,2,612
844,2,83,2,612
844,3,32,2,612
844,4,41,2,612
844,5,81,2,612
845,1,81,4,617
845,2,93,4,617
845,3,57,4,617
845,4,80,4,617
845,5,97,4,617
846,1,65,2,507
846,2,77,2,507
846,3,46,2,507
846,4,78,2,507
846,5,93,2,507
847,1,80,6,797
847,2,5,6,797
847,3,27,6,797
847,4,28,6,797
847,5,25,6,797
848,1,27,1,630
848,2,28,1,630
848,3,89,1,630
848,4,24,1,630
848,5,87,1,630
849,1,97,9,281
849,2,44,9,281
849,3,97,9,281
849,4,85,9,281
849,5,92,9,281
850,1,89,9,154
850,2,73,9,154
850,3,95,9,154
850,4,16,9,154
850,5,98,9,154
851,1,80,6,167
851,2,38,6,167
851,3,86,6,167
851,4,34,6,167
851,5,91,6,167
852,1,6,3,246
852,2,41,3,246
852,3,13,3,246
852,4,1,3,246
852,5,24,3,246
853,1,18,5,901
853,2,53,5,901
853,3,48,5,901
853,4,60,5,901
853,5,95,5,901
854,1,62,3,598
854,2,71,3,598
854,3,84,3,598
854,4,98,3,598
854,5,57,3,598
855,1,46,6,939
855,2,44,6,939
855,3,40,6,939
855,4,89,6,939
855,5,24,6,939
856,1,47,10,199
856,2,23,10,199
856,3,42,10,199
856,4,52,10,199
856,5,90,10,199
857,1,20,6,666
857,2,47,6,666
857,3,67,6,666
857,4,50,6,666
857,5,75,6,666
858,1,42,10,644
858,2,70,10,644
858,3,71,10,644
858,4,39,10,644
858,5,50,10,644
859,1,55,1,213
859,2,42,1,213
859,3,76,1,213
859,4,91,1,213
859,5,56,1,213
860,1,49,9,193
860,2,10,9,193
860,3,67,9,193
860,4,49,9,193
860,5,86,9,193
861,1,55,10,408
861,2,14,10,408
861,3,11,10,408
861,4,97,10,408
861,5,25,10,408
862,1,21,6,539
862,2,7,6,539
862,3,16,6,539
862,4,28,6,539
862,5,30,6,539
863,1,31,7,924
863,2,92,7,924
863,3,55,7,924
863,4,28,7,924
863,5,60,7,924
864,1,3,10,955
864,2,45,10,955
864,3,25,10,955
864,4,7,10,955
864,5,7,10,955
865,1,85,2,895
865,2,19,2,895
865,3,99,2,895
865,4,80,2,895
865,5,69,2,895
866,1,78,10,985
866,2,81,10,985
866,3,17,10,985
866,4,53,10,985
866,5,96,10,985
867,1,45,7,657
867,2,23,7,657
867,3,5,7,657
867,4,4,7,657
867,5,88,7,657
868,1,46,3,306
868,2,0,3,306
868,3,29,3,306
868,4,95,3,306
868,5,30,3,306
869,1,52,2,753
869,2,93,2,753
869,3,6,2,753
869,4,76,2,753
869,5,16,2,753
870,1,10,5,713
870,2,39,5,713
870,3,5,5,713
870,4,22,5,713
870,5,27,5,713
871,1,86,5,811
871,2,69,5,811
871,3,41,5,811
871,4,67,5,811
871,5,87,5,811
872,1,46,6,566
872,2,78,6,566
872,3,48,6,566
872,4,0,6,566
872,5,88,6,566
873,1,60,1,622
873,2,4,1,622
873,3,81,1,622
873,4,56,1,622
873,5,54,1,622
874,1,76,5,488
874,2,38,5,488
874,3,37,5,488
874,4,79,5,488
874,5,13,5,488
875,1,31,10,197
875,2,7,10,197
875,3,32,10,197
875,4,64,10,197
875,5,6,10,197
876,1,6,3,111
876,2,32,3,111
876,3,37,3,111
876,4,57,3,111
876,5,73,3,111
877,1,89,9,645
877,2,71,9,645
877,3,25,9,645
877,4,44,9,645
877,5,96,9,645
878,1,67,9,718
878,2,72,9,718
878,3,55,9,718
878,4,88,9,718
878,5,97,9,718
879,1,62,9,428
879,2,58,9,428
879,3,77,9,428
879,4,37,9,428
879,5,60,9,428
880,1,30,6,364
880,2,93,6,364
880,3,21,6,364
880,4,2,6,364
880,5,89,6,364
881,1,18,1,767
881,2,72,1,767
881,3,65,1,767
881,4,96,1,767
881,5,61,1,767
882,1,86,8,998
882,2,92,8,998
882,3,45,8,998
882,4,37,8,998
882,5,26,8,998
883,1,30,1,926
883,2,13,1,926
883,3,10,1,926
883,4,13,1,926
883,5,94,1,926
884,1,93,4,214
884,2,29,4,214
884,3,22,4,214
884,4,28,4,214
884,5,100,4,214
885,1,54,6,681
885,2,61,6,681
885,3,76,6,681
885,4,46,6,681
885,5,92,6,681
886,1,35,7,213
886,2,11,7,213
886,3,93,7,213
886,4,80,7,213
886,5,51,7,213
887,1,94,9,543
887,2,30,9,543
887,3,86,9,543
887,4,25,9,543
887,5,24,9,543
888,1,28,1,690
888,2,42,1,690
888,3,51,1,690
888,4,18,1,690
888,5,58,1,690
889,1,72,4,747
889,2,80,4,747
889,3,33,4,747
889,4,31,4,747
889,5,66,4,747
890,1,3,3,997
890,2,20,3,997
890,3,5,3,997
890,4,99,3,997
890,5,9,3,997
891,1,98,4,162
891,2,26,4,162
891,3,63,4,162
891,4,70,4,162
891,5,54,4,162
892,1,25,1,179
892,2,25,1,179
892,3,42,1,179
892,4,31,1,179
892,5,56,1,179
893,1,78,4,164
893,2,89,4,164
893,3,83,4,164
893,4,47,4,164
893,5,33,4,164
894,1,68,8,805
894,2,65,8,805
894,3,35,8,805
894,4,87,8,805
894,5,5,8,805
895,1,32,2,103
895,2,63,2,103
895,3,82,2,103
895,4,71,2,103
895,5,13,2,103
896,1,96,6,236
896,2,34,6,236
896,3,75,6,236
896,4,78,6,236
896,5,18,6,236
897,1,84,4,763
897,2,90,4,763
897,3,76,4,763
897,4,58,4,763
897,5,44,4,763
898,1,60,7,737
898,2,41,7,737
898,3,61,7,737
898,4,62,7,737
898,5,0,7,737
899,1,79,5,531
899,2,99,5,531
899,3,77,5,531
899,4,20,5,531
899,5,6,5,531
900,1,26,4,410
900,2,70,4,410
900,3,95,4,410
900,4,36,4,410
900,5,9,4,410
901,1,2,8,295
901,2,60,8,295
901,3,9,8,295
901,4,42,8,295
901,5,53,8,295
902,1,92,10,782
902,2,80,10,782
902,3,64,10,782
902,4,15,10,782
902,5,7,10,782
903,1,77,6,136
903,2,47,6,136
903,3,85,6,136
903,4,42,6,136
903,5,80,6,136
904,1,67,3,975
904,2,21,3,975
904,3,61,3,975
904,4,0,3,975
904,5,8,3,975
905,1,22,6,676
905,2,94,6,676
905,3,61,6,676
905,4,22,6,676
905,5,51,6,676
906,1,36,3,657
906,2,44,3,657
906,3,75,3,657
906,4,77,3,657
906,5,29,3,657
907,1,89,9,659
907,2,66,9,659
907,3,34,9,659
907,4,48,9,659
907,5,80,9,659
908,1,76,9,267
908,2,20,9,267
908,3,72,9,267
908,4,40,9,267
908,5,76,9,267
909,1,90,8,985
909,2,5,8,985
909,3,52,8,985
909,4,23,8,985
909,5,79,8,985
910,1,91,10,351
910,2,7,10,351
910,3,42,10,351
910,4,22,10,351
910,5,56,10,351
911,1,60,6,970
911,2,79,6,970
911,3,25,6,970
911,4,63,6,970
911,5,96,6,970
912,1,5,3,959
912,2,63,3,959
912,3,62,3,959
912,4,54,3,959
912,5,70,3,959
913,1,66,9,433
913,2,14,9,433
913,3,89,9,433
913,4,8,9,433
913,5,82,9,433
914,1,3,10,110
914,2,44,10,110
914,3,72,10,110
914,4,25,10,110
914,5,52,10,110
915,1,46,10,333
915,2,63,10,333
915,3,55,10,333
915,4,54,10,333
915,5,31,10,333
916,1,48,3,559
916,2,12,3,559
916,3,96,3,559
916,4,38,3,559
916,5,16,3,559
917,1,93,4,500
917,2,58,4,500
917,3,51,4,500
917,4,56,4,500
917,5,2,4,500
918,1,49,7,142
918,2,0,7,142
918,3,69,7,142
918,4,29,7,142
918,5,52,7,142
919,1,54,4,830
919,2,37,4,830
919,3,9,4,830
919,4,77,4,830
919,5,61,4,830
920,1,23,4,706
920,2,80,4,706
920,3,88,4,706
920,4,41,4,706
920,5,40,4,706
921,1,44,3,462
921,2,56,3,462
921,3,11,3,462
921,4,82,3,462
921,5,80,3,462
922,1,20,3,491
922,2,37,3,491
922,3,74,3,491
922,4,42,3,491
922,5,73,3,491
923,1,27,1,159
923,2,91,1,159
923,3,39,1,159
923,4,93,1,159
923,5,93,1,159
924,1,66,10,925
924,2,42,10,925
924,3,43,10,925
924,4,83,10,925
924,5,63,10,925
925,1,60,6,375
925,2,80,6,375
925,3,54,6,375
925,4,91,6,375
925,5,74,6,375
926,1,15,2,342
926,2,90,2,342
926,3,94,2,342
926,4,42,2,342
926,5,7,2,342
927,1,61,7,661
927,2,60,7,661
927,3,50,7,661
927,4,13,7,661
927,5,36,7,661
928,1,87,8,655
928,2,46,8,655
928,3,41,8,655
928,4,96,8,655
928,5,42,8,655
929,1,12,1,404
929,2,47,1,404
929,3,16,1,404
929,4,35,1,404
929,5,6,1,404
930,1,16,2,946
930,2,38,2,946
930,3,42,2,946
930,4,8,2,946
930,5,20,2,946
931,1,53,7,776
931,2,34,7,776
931,3,70,7,776
931,4,55,7,776
931,5,70,7,776
932,1,1,7,469
932,2,24,7,469
932,3,37,7,469
932,4,35,7,469
932,5,3,7,469
933,1,43,8,340
933,2,44,8,340
933,3,14,8,340
933,4,28,8,340
933,5,72,8,340
934,1,92,8,465
934,2,35,8,465
934,3,89,8,465
934,4,22,8,465
934,5,92,8,465
935,1,84,9,553
935,2,23,9,553
935,3,91,9,553
935,4,31,9,553
935,5,93,9,553
936,1,42,5,866
936,2,24,5,866
936,3,71,5,866
936,4,95,5,866
936,5,78,5,866
937,1,25,5,197
937,2,85,5,197
937,3,47,5,197
937,4,30,5,197
937,5,4,5,197
938,1,12,5,836
938,2,81,5,836
938,3,49,5,836
938,4,69,5,836
938,5,29,5,836
939,1,31,6,621
939,2,50,6,621
939,3,84,6,621
939,4,32,6,621
939,5,51,6,621
940,1,16,3,647
940,2,28,3,647
940,3,21,3,647
940,4,50,3,647
940,5,94,3,647
941,1,33,2,929
941,2,30,2,929
941,3,82,2,929
941,4,40,2,929
941,5,100,2,929
942,1,48,1,604
942,2,2,1,604
942,3,100,1,604
942,4,42,1,604
942,5,93,1,604
943,1,47,1,371
943,2,21,1,371
943,3,76,1,371
943,4,45,1,371
943,5,45,1,371
944,1,66,10,810
944,2,38,10,810
944,3,69,10,810
944,4,77,10,810
944,5,14,10,810
945,1,89,6,147
945,2,7,6,147
945,3,49,6,147
945,4,83,6,147
945,5,1,6,147
946,1,11,4,546
946,2,26,4,546
946,3,55,4,546
946,4,42,4,546
946,5,6,4,546
947,1,7,8,328
947,2,61,8,328
947,3,30,8,328
947,4,44,8,328
947,5,69,8,328
948,1,40,5,901
948,2,77,5,901
948,3,63,5,901
948,4,35,5,901
948,5,59,5,901
949,1,96,4,425
949,2,1,4,425
949,3,70,4,425
949,4,67,4,425
949,5,67,4,425
950,1,24,4,535
950,2,75,4,535
950,3,91,4,535
950,4,72,4,535
950,5,87,4,535
951,1,70,8,478
951,2,62,8,478
951,3,43,8,478
951,4,32,8,478
951,5,61,8,478
952,1,71,2,774
952,2,85,2,774
952,3,73,2,774
952,4,50,2,774
952,5,62,2,774
953,1,66,8,167
953,2,67,8,167
953,3,71,8,167
953,4,25,8,167
953,5,74,8,167
954,1,87,3,552
954,2,63,3,552
954,3,93,3,552
954,4,70,3,552
954,5,74,3,552
955,1,89,3,731
955,2,86,3,731
955,3,66,3,731
955,4,65,3,731
955,5,1,3,731
956,1,58,6,288
956,2,18,6,288
956,3,61,6,288
956,4,25,6,288
956,5,34,6,288
957,1,61,4,584
957,2,65,4,584
957,3,30,4,584
957,4,76,4,584
957,5,94,4,584
958,1,56,6,312
958,2,23,6,312
958,3,75,6,312
958,4,74,6,312
958,5,63,6,312
959,1,38,2,360
959,2,14,2,360
959,3,73,2,360
959,4,64,2,360
959,5,15,2,360
960,1,83,1,398
960,2,44,1,398
960,3,60,1,398
960,4,26,1,398
960,5,33,1,398
961,1,41,2,663
961,2,39,2,663
961,3,44,2,663
961,4,61,2,663
961,5,49,2,663
962,1,49,3,182
962,2,51,3,182
962,3,38,3,182
962,4,18,3,182
962,5,32,3,182
963,1,71,5,116
963,2,3,5,116
963,3,6,5,116
963,4,22,5,116
963,5,40,5,116
964,1,18,6,951
964,2,81,6,951
964,3,7,6,951
964,4,72,6,951
964,5,13,6,951
965,1,42,5,411
965,2,90,5,411
965,3,56,5,411
965,4,34,5,411
965,5,59,5,411
966,1,99,10,657
966,2,87,10,657
966,3,82,10,657
966,4,11,10,657
966,5,47,10,657
967,1,0,6,282
967,2,79,6,282
967,3,73,6,282
967,4,81,6,282
967,5,35,6,282
968,1,18,4,506
968,2,0,4,506
968,3,72,4,506
968,4,45,4,506
968,5,83,4,506
969,1,58,6,615
969,2,46,6,615
969,3,97,6,615
969,4,6,6,615
969,5,29,6,615
970,1,10,8,545
970,2,87,8,545
970,3,20,8,545
970,4,10,8,545
970,5,40,8,545
971,1,18,3,775
971,2,76,3,775
971,3,50,3,775
971,4,52,3,775
971,5,35,3,775
972,1,24,5,184
972,2,66,5,184
972,3,44,5,184
972,4,29,5,184
972,5,32,5,184
973,1,82,3,931
973,2,14,3,931
973,3,93,3,931
973,4,85,3,931
973,5,71,3,931
974,1,41,5,253
974,2,36,5,253
974,3,80,5,253
974,4,56,5,253
974,5,67,5,253
975,1,58,3,223
975,2,87,3,223
975,3,38,3,223
975,4,27,3,223
975,5,65,3,223
976,1,69,5,235
976,2,43,5,235
976,3,38,5,235
976,4,16,5,235
976,5,98,5,235
977,1,44,4,243
977,2,51,4,243
977,3,53,4,243
977,4,80,4,243
977,5,44,4,243
978,1,82,5,202
978,2,2,5,202
978,3,47,5,202
978,4,34,5,202
978,5,62,5,202
979,1,36,2,329
979,2,45,2,329
979,3,74,2,329
979,4,1,2,329
979,5,90,2,329
980,1,1,3,689
980,2,98,3,689
980,3,60,3,689
980,4,84,3,689
980,5,83,3,689
981,1,62,6,287
981,2,49,6,287
981,3,52,6,287
981,4,33,6,287
981,5,88,6,287
982,1,55,9,551
982,2,92,9,551
982,3,61,9,551
982,4,1,9,551
982,5,35,9,551
983,1,98,4,926
983,2,33,4,926
983,3,73,4,926
983,4,37,4,926
983,5,63,4,926
984,1,39,10,952
984,2,12,10,952
984,3,83,10,952
984,4,12,10,952
984,5,2,10,952
985,1,11,8,407
985,2,97,8,407
985,3,8,8,407
985,4,16,8,407
985,5,26,8,407
986,1,30,4,172
986,2,23,4,172
986,3,45,4,172
986,4,56,4,172
986,5,82,4,172
987,1,46,4,134
987,2,61,4,134
987,3,58,4,134
987,4,40,4,134
987,5,79,4,134
988,1,31,4,923
988,2,0,4,923
988,3,77,4,923
988,4,20,4,923
988,5,1,4,923
989,1,79,5,502
989,2,47,5,502
989,3,51,5,502
989,4,18,5,502
989,5,85,5,502
990,1,11,4,612
990,2,79,4,612
990,3,48,4,612
990,4,5,4,612
990,5,94,4,612
991,1,42,10,586
991,2,39,10,586
991,3,14,10,586
991,4,98,10,586
991,5,15,10,586
992,1,75,6,560
992,2,38,6,560
992,3,46,6,560
992,4,72,6,560
992,5,100,6,560
993,1,93,10,943
993,2,54,10,943
993,3,34,10,943
993,4,31,10,943
993,5,4,10,943
994,1,63,8,628
994,2,3,8,628
994,3,29,8,628
994,4,20,8,628
994,5,44,8,628
995,1,23,2,856
995,2,56,2,856
995,3,39,2,856
995,4,60,2,856
995,5,7,2,856
996,1,46,8,502
996,2,84,8,502
996,3,37,8,502
996,4,21,8,502
996,5,94,8,502
997,1,20,1,413
997,2,71,1,413
997,3,18,1,413
997,4,38,1,413
997,5,26,1,413
998,1,2,9,405
998,2,69,9,405
998,3,88,9,405
998,4,5,9,405
998,5,5,9,405
999,1,64,7,937
999,2,2,7,937
999,3,90,7,937
999,4,44,7,937
999,5,28,7,937
1000,1,84,9,609
1000,2,61,9,609
1000,3,35,9,609
1000,4,86,9,609
1000,5,42,9,609
