test_id,Demand,Order Quantity,Inventory,Holdingcost,Orderingcost
1,76,76,0,0,657
1,10,10,0,0,1314
1,42,42,0,0,1971
1,79,79,0,0,2628
1,31,31,0,0,3285
2,48,48,0,0,343
2,66,66,0,0,686
2,97,97,0,0,1029
2,25,25,0,0,1372
2,15,15,0,0,1715
3,26,26,0,0,567
3,4,4,0,0,1134
3,28,28,0,0,1701
3,49,49,0,0,2268
3,28,28,0,0,2835
4,9,9,0,0,288
4,66,66,0,0,576
4,98,98,0,0,864
4,23,23,0,0,1152
4,21,21,0,0,1440
5,18,18,0,0,748
5,22,22,0,0,1496
5,80,80,0,0,2244
5,26,26,0,0,2992
5,90,90,0,0,3740
6,20,20,0,0,511
6,66,66,0,0,1022
6,20,20,0,0,1533
6,100,100,0,0,2044
6,11,11,0,0,2555
7,88,88,0,0,162
7,44,44,0,0,324
7,22,22,0,0,486
7,68,68,0,0,648
7,43,43,0,0,810
8,31,31,0,0,977
8,11,11,0,0,1954
8,61,61,0,0,2931
8,21,21,0,0,3908
8,66,66,0,0,4885
9,54,54,0,0,136
9,71,71,0,0,272
9,64,64,0,0,408
9,95,95,0,0,544
9,43,43,0,0,680
10,72,72,0,0,400
10,89,89,0,0,800
10,97,97,0,0,1200
10,28,28,0,0,1600
10,61,61,0,0,2000
11,57,57,0,0,417
11,16,16,0,0,834
11,23,23,0,0,1251
11,77,77,0,0,1668
11,54,54,0,0,2085
12,96,96,0,0,265
12,7,7,0,0,530
12,84,84,0,0,795
12,50,50,0,0,1060
12,60,60,0,0,1325
13,81,81,0,0,268
13,78,78,0,0,536
13,1,1,0,0,804
13,29,29,0,0,1072
13,96,96,0,0,1340
14,29,29,0,0,369
14,82,82,0,0,738
14,2,2,0,0,1107
14,65,65,0,0,1476
14,100,100,0,0,1845
15,81,81,0,0,820
15,40,40,0,0,1640
15,96,96,0,0,2460
15,95,95,0,0,3280
15,37,37,0,0,4100
16,59,59,0,0,484
16,24,24,0,0,968
16,88,88,0,0,1452
16,53,53,0,0,1936
16,88,88,0,0,2420
17,8,8,0,0,741
17,31,31,0,0,1482
17,94,94,0,0,2223
17,58,58,0,0,2964
17,23,23,0,0,3705
18,59,59,0,0,201
18,10,10,0,0,402
18,15,15,0,0,603
18,94,94,0,0,804
18,46,46,0,0,1005
19,51,51,0,0,491
19,66,66,0,0,982
19,43,43,0,0,1473
19,38,38,0,0,1964
19,49,49,0,0,2455
20,29,29,0,0,805
20,14,14,0,0,1610
20,4,4,0,0,2415
20,12,12,0,0,3220
20,69,69,0,0,4025
21,80,80,0,0,209
21,98,98,0,0,418
21,94,94,0,0,627
21,100,100,0,0,836
21,95,95,0,0,1045
22,62,62,0,0,740
22,54,54,0,0,1480
22,9,9,0,0,2220
22,67,67,0,0,2960
22,10,10,0,0,3700
23,50,50,0,0,300
23,20,20,0,0,600
23,14,14,0,0,900
23,99,99,0,0,1200
23,51,51,0,0,1500
24,76,76,0,0,869
24,29,29,0,0,1738
24,86,86,0,0,2607
24,91,91,0,0,3476
24,26,26,0,0,4345
25,27,27,0,0,604
25,98,98,0,0,1208
25,71,71,0,0,1812
25,55,55,0,0,2416
25,52,52,0,0,3020
26,59,59,0,0,814
26,1,1,0,0,1628
26,77,77,0,0,2442
26,36,36,0,0,3256
26,46,46,0,0,4070
27,9,9,0,0,657
27,10,10,0,0,1314
27,7,7,0,0,1971
27,0,0,0,0,1971
27,79,79,0,0,2628
28,41,41,0,0,292
28,75,75,0,0,584
28,52,52,0,0,876
28,53,53,0,0,1168
28,44,44,0,0,1460
29,52,52,0,0,769
29,46,46,0,0,1538
29,37,37,0,0,2307
29,51,51,0,0,3076
29,79,79,0,0,3845
30,6,6,0,0,642
30,49,49,0,0,1284
30,23,23,0,0,1926
30,99,99,0,0,2568
30,46,46,0,0,3210
31,80,80,0,0,119
31,34,34,0,0,238
31,35,35,0,0,357
31,63,63,0,0,476
31,60,60,0,0,595
32,95,95,0,0,147
32,0,0,0,0,147
32,3,3,0,0,294
32,73,73,0,0,441
32,21,21,0,0,588
33,55,55,0,0,198
33,6,6,0,0,396
33,76,76,0,0,594
33,59,59,0,0,792
33,78,78,0,0,990
34,81,81,0,0,670
34,8,8,0,0,1340
34,42,42,0,0,2010
34,48,48,0,0,2680
34,77,77,0,0,3350
35,80,80,0,0,677
35,87,87,0,0,1354
35,70,70,0,0,2031
35,96,96,0,0,2708
35,74,74,0,0,3385
36,33,33,0,0,238
36,12,12,0,0,476
36,99,99,0,0,714
36,37,37,0,0,952
36,56,56,0,0,1190
37,64,64,0,0,219
37,78,78,0,0,438
37,1,1,0,0,657
37,96,96,0,0,876
37,92,92,0,0,1095
38,14,14,0,0,472
38,45,45,0,0,944
38,55,55,0,0,1416
38,74,74,0,0,1888
38,60,60,0,0,2360
39,46,46,0,0,819
39,13,13,0,0,1638
39,75,75,0,0,2457
39,76,76,0,0,3276
39,21,21,0,0,4095
40,92,92,0,0,303
40,2,2,0,0,606
40,65,65,0,0,909
40,96,96,0,0,1212
40,71,71,0,0,1515
41,52,52,0,0,461
41,67,67,0,0,922
41,13,13,0,0,1383
41,38,38,0,0,1844
41,83,83,0,0,2305
42,35,35,0,0,510
42,90,90,0,0,1020
42,2,2,0,0,1530
42,85,85,0,0,2040
42,72,72,0,0,2550
43,85,85,0,0,626
43,62,62,0,0,1252
43,56,56,0,0,1878
43,84,84,0,0,2504
43,87,87,0,0,3130
44,5,5,0,0,721
44,77,77,0,0,1442
44,71,71,0,0,2163
44,96,96,0,0,2884
44,47,47,0,0,3605
45,7,7,0,0,708
45,50,50,0,0,1416
45,55,55,0,0,2124
45,31,31,0,0,2832
45,38,38,0,0,3540
46,54,54,0,0,770
46,83,83,0,0,1540
46,44,44,0,0,2310
46,88,88,0,0,3080
46,74,74,0,0,3850
47,91,91,0,0,496
47,2,2,0,0,992
47,89,89,0,0,1488
47,58,58,0,0,1984
47,30,30,0,0,2480
48,27,27,0,0,942
48,74,74,0,0,1884
48,14,14,0,0,2826
48,36,36,0,0,3768
48,30,30,0,0,4710
49,5,5,0,0,216
49,13,13,0,0,432
49,40,40,0,0,648
49,44,44,0,0,864
49,96,96,0,0,1080
50,61,61,0,0,177
50,45,45,0,0,354
50,77,77,0,0,531
50,8,8,0,0,708
50,61,61,0,0,885
51,97,97,0,0,392
51,93,93,0,0,784
51,100,100,0,0,1176
51,57,57,0,0,1568
51,87,87,0,0,1960
52,74,74,0,0,398
52,9,9,0,0,796
52,37,37,0,0,1194
52,81,81,0,0,1592
52,90,90,0,0,1990
53,17,17,0,0,453
53,66,66,0,0,906
53,69,69,0,0,1359
53,42,42,0,0,1812
53,63,63,0,0,2265
54,6,6,0,0,440
54,6,6,0,0,880
54,64,64,0,0,1320
54,12,12,0,0,1760
54,27,27,0,0,2200
55,28,28,0,0,410
55,74,74,0,0,820
55,42,42,0,0,1230
55,90,90,0,0,1640
55,60,60,0,0,2050
56,11,11,0,0,735
56,70,70,0,0,1470
56,76,76,0,0,2205
56,82,82,0,0,2940
56,76,76,0,0,3675
57,81,81,0,0,479
57,59,59,0,0,958
57,79,79,0,0,1437
57,72,72,0,0,1916
57,97,97,0,0,2395
58,45,45,0,0,152
58,28,28,0,0,304
58,56,56,0,0,456
58,74,74,0,0,608
58,92,92,0,0,760
59,45,45,0,0,314
59,31,31,0,0,628
59,15,15,0,0,942
59,34,34,0,0,1256
59,37,37,0,0,1570
60,23,23,0,0,289
60,54,54,0,0,578
60,43,43,0,0,867
60,20,20,0,0,1156
60,78,78,0,0,1445
61,35,35,0,0,123
61,6,6,0,0,246
61,18,18,0,0,369
61,87,87,0,0,492
61,84,84,0,0,615
62,34,34,0,0,568
62,75,75,0,0,1136
62,41,41,0,0,1704
62,100,100,0,0,2272
62,66,66,0,0,2840
63,43,43,0,0,992
63,40,40,0,0,1984
63,65,65,0,0,2976
63,91,91,0,0,3968
63,30,30,0,0,4960
64,11,11,0,0,326
64,78,78,0,0,652
64,26,26,0,0,978
64,52,52,0,0,1304
64,45,45,0,0,1630
65,33,33,0,0,745
65,49,49,0,0,1490
65,80,80,0,0,2235
65,0,0,0,0,2235
65,79,79,0,0,2980
66,40,40,0,0,900
66,0,0,0,0,900
66,5,5,0,0,1800
66,47,47,0,0,2700
66,63,63,0,0,3600
67,89,89,0,0,691
67,42,42,0,0,1382
67,2,2,0,0,2073
67,4,4,0,0,2764
67,20,20,0,0,3455
68,86,86,0,0,747
68,63,63,0,0,1494
68,35,35,0,0,2241
68,52,52,0,0,2988
68,7,7,0,0,3735
69,2,2,0,0,832
69,45,45,0,0,1664
69,63,63,0,0,2496
69,71,71,0,0,3328
69,91,91,0,0,4160
70,1,1,0,0,568
70,12,12,0,0,1136
70,62,62,0,0,1704
70,88,88,0,0,2272
70,88,88,0,0,2840
71,19,19,0,0,691
71,83,83,0,0,1382
71,61,61,0,0,2073
71,18,18,0,0,2764
71,91,91,0,0,3455
72,34,34,0,0,677
72,37,37,0,0,1354
72,44,44,0,0,2031
72,75,75,0,0,2708
72,34,34,0,0,3385
73,39,39,0,0,374
73,23,23,0,0,748
73,76,76,0,0,1122
73,38,38,0,0,1496
73,55,55,0,0,1870
74,81,81,0,0,191
74,73,73,0,0,382
74,16,16,0,0,573
74,57,57,0,0,764
74,2,2,0,0,955
75,59,59,0,0,627
75,51,51,0,0,1254
75,47,47,0,0,1881
75,47,47,0,0,2508
75,71,71,0,0,3135
76,39,39,0,0,587
76,40,40,0,0,1174
76,87,87,0,0,1761
76,62,62,0,0,2348
76,46,46,0,0,2935
77,34,34,0,0,908
77,26,26,0,0,1816
77,45,45,0,0,2724
77,66,66,0,0,3632
77,60,60,0,0,4540
78,66,66,0,0,326
78,49,49,0,0,652
78,97,97,0,0,978
78,40,40,0,0,1304
78,90,90,0,0,1630
79,35,35,0,0,888
79,12,12,0,0,1776
79,38,38,0,0,2664
79,42,42,0,0,3552
79,11,11,0,0,4440
80,46,46,0,0,910
80,57,57,0,0,1820
80,80,80,0,0,2730
80,39,39,0,0,3640
80,95,95,0,0,4550
81,89,89,0,0,756
81,8,8,0,0,1512
81,88,88,0,0,2268
81,76,76,0,0,3024
81,79,79,0,0,3780
82,65,65,0,0,872
82,2,2,0,0,1744
82,54,54,0,0,2616
82,2,2,0,0,3488
82,48,48,0,0,4360
83,35,35,0,0,268
83,94,94,0,0,536
83,13,13,0,0,804
83,9,9,0,0,1072
83,39,39,0,0,1340
84,27,27,0,0,226
84,94,94,0,0,452
84,70,70,0,0,678
84,0,0,0,0,678
84,92,92,0,0,904
85,31,31,0,0,629
85,69,69,0,0,1258
85,3,3,0,0,1887
85,33,33,0,0,2516
85,13,13,0,0,3145
86,75,75,0,0,240
86,67,67,0,0,480
86,88,88,0,0,720
86,54,54,0,0,960
86,63,63,0,0,1200
87,22,22,0,0,931
87,75,75,0,0,1862
87,83,83,0,0,2793
87,3,3,0,0,3724
87,89,89,0,0,4655
88,7,7,0,0,831
88,83,83,0,0,1662
88,22,22,0,0,2493
88,69,69,0,0,3324
88,7,7,0,0,4155
89,89,89,0,0,331
89,88,88,0,0,662
89,49,49,0,0,993
89,31,31,0,0,1324
89,54,54,0,0,1655
90,20,20,0,0,987
90,51,51,0,0,1974
90,76,76,0,0,2961
90,45,45,0,0,3948
90,44,44,0,0,4935
91,26,26,0,0,877
91,50,50,0,0,1754
91,64,64,0,0,2631
91,43,43,0,0,3508
91,42,42,0,0,4385
92,42,42,0,0,860
92,20,20,0,0,1720
92,29,29,0,0,2580
92,80,80,0,0,3440
92,90,90,0,0,4300
93,2,2,0,0,484
93,55,55,0,0,968
93,86,86,0,0,1452
93,85,85,0,0,1936
93,87,87,0,0,2420
94,98,98,0,0,763
94,3,3,0,0,1526
94,76,76,0,0,2289
94,73,73,0,0,3052
94,38,38,0,0,3815
95,83,83,0,0,554
95,54,54,0,0,1108
95,61,61,0,0,1662
95,79,79,0,0,2216
95,45,45,0,0,2770
96,11,11,0,0,728
96,3,3,0,0,1456
96,8,8,0,0,2184
96,74,74,0,0,2912
96,35,35,0,0,3640
97,91,91,0,0,820
97,29,29,0,0,1640
97,31,31,0,0,2460
97,76,76,0,0,3280
97,19,19,0,0,4100
98,97,97,0,0,602
98,65,65,0,0,1204
98,1,1,0,0,1806
98,81,81,0,0,2408
98,58,58,0,0,3010
99,93,93,0,0,266
99,94,94,0,0,532
99,19,19,0,0,798
99,59,59,0,0,1064
99,28,28,0,0,1330
100,33,33,0,0,803
100,70,70,0,0,1606
100,18,18,0,0,2409
100,71,71,0,0,3212
100,83,83,0,0,4015
101,64,64,0,0,365
101,40,40,0,0,730
101,17,17,0,0,1095
101,2,2,0,0,1460
101,91,91,0,0,1825
102,14,14,0,0,592
102,8,8,0,0,1184
102,77,77,0,0,1776
102,10,10,0,0,2368
102,0,0,0,0,2368
103,31,31,0,0,477
103,81,81,0,0,954
103,73,73,0,0,1431
103,30,30,0,0,1908
103,15,15,0,0,2385
104,41,41,0,0,881
104,33,33,0,0,1762
104,75,75,0,0,2643
104,16,16,0,0,3524
104,93,93,0,0,4405
105,85,85,0,0,993
105,29,29,0,0,1986
105,29,29,0,0,2979
105,49,49,0,0,3972
105,92,92,0,0,4965
106,29,29,0,0,851
106,90,90,0,0,1702
106,27,27,0,0,2553
106,48,48,0,0,3404
106,44,44,0,0,4255
107,100,100,0,0,328
107,79,79,0,0,656
107,23,23,0,0,984
107,21,21,0,0,1312
107,3,3,0,0,1640
108,12,12,0,0,952
108,84,84,0,0,1904
108,6,6,0,0,2856
108,35,35,0,0,3808
108,17,17,0,0,4760
109,91,91,0,0,810
109,31,31,0,0,1620
109,80,80,0,0,2430
109,21,21,0,0,3240
109,88,88,0,0,4050
110,83,83,0,0,610
110,56,56,0,0,1220
110,68,68,0,0,1830
110,85,85,0,0,2440
110,100,100,0,0,3050
111,99,99,0,0,366
111,40,40,0,0,732
111,51,51,0,0,1098
111,45,45,0,0,1464
111,24,24,0,0,1830
112,17,17,0,0,812
112,18,18,0,0,1624
112,32,32,0,0,2436
112,40,40,0,0,3248
112,49,49,0,0,4060
113,23,23,0,0,461
113,7,7,0,0,922
113,65,65,0,0,1383
113,29,29,0,0,1844
113,11,11,0,0,2305
114,30,30,0,0,170
114,16,16,0,0,340
114,2,2,0,0,510
114,2,2,0,0,680
114,40,40,0,0,850
115,63,63,0,0,644
115,14,14,0,0,1288
115,62,62,0,0,1932
115,60,60,0,0,2576
115,82,82,0,0,3220
116,89,89,0,0,705
116,100,100,0,0,1410
116,89,89,0,0,2115
116,53,53,0,0,2820
116,25,25,0,0,3525
117,76,76,0,0,446
117,72,72,0,0,892
117,14,14,0,0,1338
117,83,83,0,0,1784
117,56,56,0,0,2230
118,2,2,0,0,724
118,27,27,0,0,1448
118,25,25,0,0,2172
118,64,64,0,0,2896
118,88,88,0,0,3620
119,79,79,0,0,863
119,87,87,0,0,1726
119,77,77,0,0,2589
119,8,8,0,0,3452
119,92,92,0,0,4315
120,15,15,0,0,564
120,95,95,0,0,1128
120,85,85,0,0,1692
120,29,29,0,0,2256
120,76,76,0,0,2820
121,55,55,0,0,202
121,30,30,0,0,404
121,37,37,0,0,606
121,76,76,0,0,808
121,30,30,0,0,1010
122,51,51,0,0,519
122,8,8,0,0,1038
122,66,66,0,0,1557
122,13,13,0,0,2076
122,97,97,0,0,2595
123,0,0,0,0,0
123,4,4,0,0,428
123,98,98,0,0,856
123,57,57,0,0,1284
123,95,95,0,0,1712
124,82,82,0,0,562
124,30,30,0,0,1124
124,80,80,0,0,1686
124,44,44,0,0,2248
124,23,23,0,0,2810
125,6,6,0,0,596
125,3,3,0,0,1192
125,85,85,0,0,1788
125,10,10,0,0,2384
125,17,17,0,0,2980
126,36,36,0,0,695
126,9,9,0,0,1390
126,77,77,0,0,2085
126,18,18,0,0,2780
126,39,39,0,0,3475
127,54,54,0,0,395
127,12,12,0,0,790
127,13,13,0,0,1185
127,61,61,0,0,1580
127,55,55,0,0,1975
128,40,40,0,0,910
128,11,11,0,0,1820
128,26,26,0,0,2730
128,88,88,0,0,3640
128,22,22,0,0,4550
129,43,43,0,0,824
129,58,58,0,0,1648
129,3,3,0,0,2472
129,93,93,0,0,3296
129,65,65,0,0,4120
130,86,86,0,0,470
130,12,12,0,0,940
130,93,93,0,0,1410
130,28,28,0,0,1880
130,26,26,0,0,2350
131,28,28,0,0,649
131,63,63,0,0,1298
131,45,45,0,0,1947
131,69,69,0,0,2596
131,75,75,0,0,3245
132,15,15,0,0,293
132,48,48,0,0,586
132,74,74,0,0,879
132,20,20,0,0,1172
132,65,65,0,0,1465
133,31,31,0,0,578
133,73,73,0,0,1156
133,96,96,0,0,1734
133,12,12,0,0,2312
133,59,59,0,0,2890
134,90,90,0,0,994
134,56,56,0,0,1988
134,10,10,0,0,2982
134,95,95,0,0,3976
134,33,33,0,0,4970
135,37,37,0,0,250
135,8,8,0,0,500
135,92,92,0,0,750
135,91,91,0,0,1000
135,8,8,0,0,1250
136,25,25,0,0,448
136,42,42,0,0,896
136,19,19,0,0,1344
136,96,96,0,0,1792
136,43,43,0,0,2240
137,21,21,0,0,776
137,17,17,0,0,1552
137,76,76,0,0,2328
137,96,96,0,0,3104
137,29,29,0,0,3880
138,93,93,0,0,278
138,73,73,0,0,556
138,82,82,0,0,834
138,60,60,0,0,1112
138,8,8,0,0,1390
139,22,22,0,0,852
139,40,40,0,0,1704
139,47,47,0,0,2556
139,50,50,0,0,3408
139,30,30,0,0,4260
140,83,83,0,0,529
140,24,24,0,0,1058
140,53,53,0,0,1587
140,50,50,0,0,2116
140,12,12,0,0,2645
141,83,83,0,0,701
141,3,3,0,0,1402
141,46,46,0,0,2103
141,73,73,0,0,2804
141,78,78,0,0,3505
142,28,28,0,0,743
142,2,2,0,0,1486
142,66,66,0,0,2229
142,26,26,0,0,2972
142,68,68,0,0,3715
143,38,38,0,0,766
143,33,33,0,0,1532
143,85,85,0,0,2298
143,83,83,0,0,3064
143,86,86,0,0,3830
144,27,27,0,0,889
144,88,88,0,0,1778
144,54,54,0,0,2667
144,68,68,0,0,3556
144,30,30,0,0,4445
145,3,3,0,0,346
145,86,86,0,0,692
145,26,26,0,0,1038
145,60,60,0,0,1384
145,81,81,0,0,1730
146,59,59,0,0,583
146,40,40,0,0,1166
146,7,7,0,0,1749
146,18,18,0,0,2332
146,22,22,0,0,2915
147,82,82,0,0,717
147,51,51,0,0,1434
147,65,65,0,0,2151
147,51,51,0,0,2868
147,6,6,0,0,3585
148,16,16,0,0,530
148,17,17,0,0,1060
148,80,80,0,0,1590
148,4,4,0,0,2120
148,54,54,0,0,2650
149,45,45,0,0,431
149,75,75,0,0,862
149,13,13,0,0,1293
149,10,10,0,0,1724
149,74,74,0,0,2155
150,50,50,0,0,739
150,50,50,0,0,1478
150,16,16,0,0,2217
150,82,82,0,0,2956
150,59,59,0,0,3695
151,100,100,0,0,843
151,44,44,0,0,1686
151,44,44,0,0,2529
151,73,73,0,0,3372
151,52,52,0,0,4215
152,28,28,0,0,474
152,71,71,0,0,948
152,4,4,0,0,1422
152,34,34,0,0,1896
152,12,12,0,0,2370
153,65,65,0,0,748
153,23,23,0,0,1496
153,25,25,0,0,2244
153,98,98,0,0,2992
153,77,77,0,0,3740
154,82,82,0,0,850
154,99,99,0,0,1700
154,16,16,0,0,2550
154,65,65,0,0,3400
154,67,67,0,0,4250
155,7,7,0,0,782
155,1,1,0,0,1564
155,67,67,0,0,2346
155,17,17,0,0,3128
155,95,95,0,0,3910
156,12,12,0,0,295
156,92,92,0,0,590
156,98,98,0,0,885
156,2,2,0,0,1180
156,13,13,0,0,1475
157,0,0,0,0,0
157,88,88,0,0,561
157,57,57,0,0,1122
157,43,43,0,0,1683
157,46,46,0,0,2244
158,30,30,0,0,324
158,98,98,0,0,648
158,82,82,0,0,972
158,52,52,0,0,1296
158,41,41,0,0,1620
159,35,35,0,0,308
159,44,44,0,0,616
159,34,34,0,0,924
159,71,71,0,0,1232
159,73,73,0,0,1540
160,1,1,0,0,123
160,11,11,0,0,246
160,45,45,0,0,369
160,60,60,0,0,492
160,69,69,0,0,615
161,78,78,0,0,262
161,5,5,0,0,524
161,100,100,0,0,786
161,35,35,0,0,1048
161,71,71,0,0,1310
162,7,7,0,0,927
162,32,32,0,0,1854
162,42,42,0,0,2781
162,4,4,0,0,3708
162,11,11,0,0,4635
163,1,1,0,0,170
163,44,44,0,0,340
163,5,5,0,0,510
163,15,15,0,0,680
163,98,98,0,0,850
164,24,24,0,0,854
164,41,41,0,0,1708
164,32,32,0,0,2562
164,89,89,0,0,3416
164,62,62,0,0,4270
165,32,32,0,0,628
165,31,31,0,0,1256
165,55,55,0,0,1884
165,65,65,0,0,2512
165,67,67,0,0,3140
166,54,54,0,0,225
166,59,59,0,0,450
166,69,69,0,0,675
166,12,12,0,0,900
166,32,32,0,0,1125
167,81,81,0,0,654
167,79,79,0,0,1308
167,58,58,0,0,1962
167,21,21,0,0,2616
167,26,26,0,0,3270
168,78,78,0,0,438
168,98,98,0,0,876
168,24,24,0,0,1314
168,40,40,0,0,1752
168,67,67,0,0,2190
169,90,90,0,0,349
169,36,36,0,0,698
169,30,30,0,0,1047
169,83,83,0,0,1396
169,59,59,0,0,1745
170,91,91,0,0,502
170,16,16,0,0,1004
170,7,7,0,0,1506
170,39,39,0,0,2008
170,29,29,0,0,2510
171,87,87,0,0,979
171,98,98,0,0,1958
171,30,30,0,0,2937
171,50,50,0,0,3916
171,35,35,0,0,4895
172,76,76,0,0,314
172,80,80,0,0,628
172,82,82,0,0,942
172,8,8,0,0,1256
172,58,58,0,0,1570
173,79,79,0,0,678
173,67,67,0,0,1356
173,79,79,0,0,2034
173,60,60,0,0,2712
173,35,35,0,0,3390
174,26,26,0,0,569
174,80,80,0,0,1138
174,19,19,0,0,1707
174,61,61,0,0,2276
174,41,41,0,0,2845
175,57,57,0,0,265
175,30,30,0,0,530
175,25,25,0,0,795
175,43,43,0,0,1060
175,29,29,0,0,1325
176,29,29,0,0,241
176,33,33,0,0,482
176,95,95,0,0,723
176,39,39,0,0,964
176,4,4,0,0,1205
177,45,45,0,0,519
177,20,20,0,0,1038
177,34,34,0,0,1557
177,91,91,0,0,2076
177,89,89,0,0,2595
178,83,83,0,0,995
178,32,32,0,0,1990
178,93,93,0,0,2985
178,27,27,0,0,3980
178,91,91,0,0,4975
179,100,100,0,0,461
179,48,48,0,0,922
179,14,14,0,0,1383
179,90,90,0,0,1844
179,80,80,0,0,2305
180,0,0,0,0,0
180,68,68,0,0,567
180,21,21,0,0,1134
180,32,32,0,0,1701
180,32,32,0,0,2268
181,34,34,0,0,262
181,31,31,0,0,524
181,48,48,0,0,786
181,99,99,0,0,1048
181,23,23,0,0,1310
182,42,42,0,0,597
182,21,21,0,0,1194
182,9,9,0,0,1791
182,45,45,0,0,2388
182,82,82,0,0,2985
183,89,89,0,0,559
183,91,91,0,0,1118
183,14,14,0,0,1677
183,42,42,0,0,2236
183,26,26,0,0,2795
184,28,28,0,0,271
184,100,100,0,0,542
184,11,11,0,0,813
184,64,64,0,0,1084
184,98,98,0,0,1355
185,13,13,0,0,117
185,15,15,0,0,234
185,50,50,0,0,351
185,99,99,0,0,468
185,14,14,0,0,585
186,26,26,0,0,465
186,42,42,0,0,930
186,4,4,0,0,1395
186,12,12,0,0,1860
186,12,12,0,0,2325
187,90,90,0,0,865
187,87,87,0,0,1730
187,45,45,0,0,2595
187,61,61,0,0,3460
187,2,2,0,0,4325
188,5,5,0,0,429
188,37,37,0,0,858
188,76,76,0,0,1287
188,15,15,0,0,1716
188,78,78,0,0,2145
189,32,32,0,0,115
189,70,70,0,0,230
189,37,37,0,0,345
189,4,4,0,0,460
189,57,57,0,0,575
190,20,20,0,0,976
190,88,88,0,0,1952
190,17,17,0,0,2928
190,12,12,0,0,3904
190,28,28,0,0,4880
191,42,42,0,0,960
191,70,70,0,0,1920
191,25,25,0,0,2880
191,26,26,0,0,3840
191,30,30,0,0,4800
192,97,97,0,0,479
192,2,2,0,0,958
192,19,19,0,0,1437
192,32,32,0,0,1916
192,29,29,0,0,2395
193,53,53,0,0,950
193,84,84,0,0,1900
193,38,38,0,0,2850
193,21,21,0,0,3800
193,32,32,0,0,4750
194,6,6,0,0,585
194,57,57,0,0,1170
194,63,63,0,0,1755
194,76,76,0,0,2340
194,46,46,0,0,2925
195,93,93,0,0,755
195,36,36,0,0,1510
195,87,87,0,0,2265
195,87,87,0,0,3020
195,34,34,0,0,3775
196,24,24,0,0,473
196,9,9,0,0,946
196,28,28,0,0,1419
196,72,72,0,0,1892
196,61,61,0,0,2365
197,25,25,0,0,664
197,36,36,0,0,1328
197,68,68,0,0,1992
197,92,92,0,0,2656
197,33,33,0,0,3320
198,34,34,0,0,486
198,40,40,0,0,972
198,47,47,0,0,1458
198,63,63,0,0,1944
198,70,70,0,0,2430
199,57,57,0,0,360
199,77,77,0,0,720
199,74,74,0,0,1080
199,23,23,0,0,1440
199,66,66,0,0,1800
200,65,65,0,0,362
200,89,89,0,0,724
200,17,17,0,0,1086
200,60,60,0,0,1448
200,40,40,0,0,1810
201,99,99,0,0,658
201,81,81,0,0,1316
201,54,54,0,0,1974
201,96,96,0,0,2632
201,79,79,0,0,3290
202,64,64,0,0,267
202,44,44,0,0,534
202,90,90,0,0,801
202,61,61,0,0,1068
202,11,11,0,0,1335
203,6,6,0,0,147
203,89,89,0,0,294
203,56,56,0,0,441
203,66,66,0,0,588
203,0,0,0,0,588
204,18,18,0,0,753
204,70,70,0,0,1506
204,75,75,0,0,2259
204,35,35,0,0,3012
204,83,83,0,0,3765
205,58,58,0,0,961
205,78,78,0,0,1922
205,83,83,0,0,2883
205,70,70,0,0,3844
205,99,99,0,0,4805
206,60,60,0,0,618
206,99,99,0,0,1236
206,72,72,0,0,1854
206,85,85,0,0,2472
206,94,94,0,0,3090
207,85,85,0,0,464
207,2,2,0,0,928
207,14,14,0,0,1392
207,77,77,0,0,1856
207,65,65,0,0,2320
208,62,62,0,0,514
208,97,97,0,0,1028
208,100,100,0,0,1542
208,49,49,0,0,2056
208,31,31,0,0,2570
209,17,17,0,0,408
209,72,72,0,0,816
209,47,47,0,0,1224
209,43,43,0,0,1632
209,30,30,0,0,2040
210,47,47,0,0,752
210,72,72,0,0,1504
210,36,36,0,0,2256
210,36,36,0,0,3008
210,99,99,0,0,3760
211,56,56,0,0,517
211,88,88,0,0,1034
211,7,7,0,0,1551
211,1,1,0,0,2068
211,56,56,0,0,2585
212,50,50,0,0,446
212,37,37,0,0,892
212,1,1,0,0,1338
212,31,31,0,0,1784
212,78,78,0,0,2230
213,45,45,0,0,965
213,98,98,0,0,1930
213,97,97,0,0,2895
213,99,99,0,0,3860
213,52,52,0,0,4825
214,46,46,0,0,797
214,31,31,0,0,1594
214,21,21,0,0,2391
214,27,27,0,0,3188
214,15,15,0,0,3985
215,45,45,0,0,686
215,64,64,0,0,1372
215,95,95,0,0,2058
215,86,86,0,0,2744
215,13,13,0,0,3430
216,100,100,0,0,854
216,84,84,0,0,1708
216,26,26,0,0,2562
216,27,27,0,0,3416
216,34,34,0,0,4270
217,16,16,0,0,843
217,51,51,0,0,1686
217,28,28,0,0,2529
217,46,46,0,0,3372
217,5,5,0,0,4215
218,80,80,0,0,537
218,26,26,0,0,1074
218,14,14,0,0,1611
218,73,73,0,0,2148
218,82,82,0,0,2685
219,98,98,0,0,787
219,62,62,0,0,1574
219,61,61,0,0,2361
219,40,40,0,0,3148
219,69,69,0,0,3935
220,6,6,0,0,911
220,78,78,0,0,1822
220,17,17,0,0,2733
220,18,18,0,0,3644
220,88,88,0,0,4555
221,45,45,0,0,674
221,54,54,0,0,1348
221,97,97,0,0,2022
221,67,67,0,0,2696
221,60,60,0,0,3370
222,45,45,0,0,445
222,39,39,0,0,890
222,91,91,0,0,1335
222,57,57,0,0,1780
222,23,23,0,0,2225
223,5,5,0,0,369
223,75,75,0,0,738
223,93,93,0,0,1107
223,93,93,0,0,1476
223,64,64,0,0,1845
224,26,26,0,0,568
224,16,16,0,0,1136
224,27,27,0,0,1704
224,98,98,0,0,2272
224,18,18,0,0,2840
225,37,37,0,0,753
225,34,34,0,0,1506
225,63,63,0,0,2259
225,29,29,0,0,3012
225,89,89,0,0,3765
226,96,96,0,0,911
226,85,85,0,0,1822
226,82,82,0,0,2733
226,55,55,0,0,3644
226,56,56,0,0,4555
227,58,58,0,0,614
227,80,80,0,0,1228
227,74,74,0,0,1842
227,76,76,0,0,2456
227,58,58,0,0,3070
228,89,89,0,0,321
228,67,67,0,0,642
228,10,10,0,0,963
228,60,60,0,0,1284
228,51,51,0,0,1605
229,85,85,0,0,327
229,36,36,0,0,654
229,6,6,0,0,981
229,12,12,0,0,1308
229,63,63,0,0,1635
230,25,25,0,0,390
230,61,61,0,0,780
230,34,34,0,0,1170
230,69,69,0,0,1560
230,87,87,0,0,1950
231,55,55,0,0,395
231,68,68,0,0,790
231,26,26,0,0,1185
231,93,93,0,0,1580
231,38,38,0,0,1975
232,24,24,0,0,157
232,42,42,0,0,314
232,70,70,0,0,471
232,42,42,0,0,628
232,87,87,0,0,785
233,77,77,0,0,650
233,62,62,0,0,1300
233,55,55,0,0,1950
233,57,57,0,0,2600
233,57,57,0,0,3250
234,87,87,0,0,760
234,64,64,0,0,1520
234,50,50,0,0,2280
234,53,53,0,0,3040
234,88,88,0,0,3800
235,0,0,0,0,0
235,86,86,0,0,893
235,8,8,0,0,1786
235,17,17,0,0,2679
235,35,35,0,0,3572
236,85,85,0,0,963
236,47,47,0,0,1926
236,7,7,0,0,2889
236,81,81,0,0,3852
236,84,84,0,0,4815
237,76,76,0,0,967
237,25,25,0,0,1934
237,60,60,0,0,2901
237,71,71,0,0,3868
237,49,49,0,0,4835
238,22,22,0,0,864
238,30,30,0,0,1728
238,4,4,0,0,2592
238,90,90,0,0,3456
238,38,38,0,0,4320
239,87,87,0,0,255
239,62,62,0,0,510
239,28,28,0,0,765
239,30,30,0,0,1020
239,72,72,0,0,1275
240,35,35,0,0,741
240,26,26,0,0,1482
240,45,45,0,0,2223
240,38,38,0,0,2964
240,97,97,0,0,3705
241,94,94,0,0,490
241,78,78,0,0,980
241,53,53,0,0,1470
241,99,99,0,0,1960
241,94,94,0,0,2450
242,96,96,0,0,912
242,100,100,0,0,1824
242,87,87,0,0,2736
242,41,41,0,0,3648
242,31,31,0,0,4560
243,97,97,0,0,377
243,76,76,0,0,754
243,90,90,0,0,1131
243,77,77,0,0,1508
243,19,19,0,0,1885
244,11,11,0,0,393
244,21,21,0,0,786
244,41,41,0,0,1179
244,32,32,0,0,1572
244,52,52,0,0,1965
245,29,29,0,0,113
245,5,5,0,0,226
245,24,24,0,0,339
245,54,54,0,0,452
245,98,98,0,0,565
246,45,45,0,0,904
246,83,83,0,0,1808
246,25,25,0,0,2712
246,16,16,0,0,3616
246,67,67,0,0,4520
247,36,36,0,0,110
247,56,56,0,0,220
247,5,5,0,0,330
247,74,74,0,0,440
247,93,93,0,0,550
248,2,2,0,0,720
248,3,3,0,0,1440
248,86,86,0,0,2160
248,72,72,0,0,2880
248,64,64,0,0,3600
249,33,33,0,0,571
249,13,13,0,0,1142
249,3,3,0,0,1713
249,97,97,0,0,2284
249,68,68,0,0,2855
250,88,88,0,0,216
250,85,85,0,0,432
250,16,16,0,0,648
250,17,17,0,0,864
250,81,81,0,0,1080
251,54,54,0,0,907
251,35,35,0,0,1814
251,65,65,0,0,2721
251,99,99,0,0,3628
251,97,97,0,0,4535
252,61,61,0,0,560
252,21,21,0,0,1120
252,46,46,0,0,1680
252,6,6,0,0,2240
252,42,42,0,0,2800
253,73,73,0,0,235
253,27,27,0,0,470
253,57,57,0,0,705
253,70,70,0,0,940
253,91,91,0,0,1175
254,11,11,0,0,955
254,43,43,0,0,1910
254,86,86,0,0,2865
254,7,7,0,0,3820
254,3,3,0,0,4775
255,25,25,0,0,343
255,19,19,0,0,686
255,72,72,0,0,1029
255,62,62,0,0,1372
255,85,85,0,0,1715
256,63,63,0,0,140
256,23,23,0,0,280
256,88,88,0,0,420
256,16,16,0,0,560
256,7,7,0,0,700
257,57,57,0,0,541
257,87,87,0,0,1082
257,61,61,0,0,1623
257,53,53,0,0,2164
257,4,4,0,0,2705
258,78,78,0,0,264
258,96,96,0,0,528
258,17,17,0,0,792
258,29,29,0,0,1056
258,45,45,0,0,1320
259,64,64,0,0,294
259,5,5,0,0,588
259,55,55,0,0,882
259,71,71,0,0,1176
259,45,45,0,0,1470
260,62,62,0,0,478
260,65,65,0,0,956
260,49,49,0,0,1434
260,53,53,0,0,1912
260,71,71,0,0,2390
261,32,32,0,0,823
261,98,98,0,0,1646
261,36,36,0,0,2469
261,72,72,0,0,3292
261,99,99,0,0,4115
262,94,94,0,0,590
262,25,25,0,0,1180
262,0,0,0,0,1180
262,54,54,0,0,1770
262,88,88,0,0,2360
263,38,38,0,0,287
263,17,17,0,0,574
263,44,44,0,0,861
263,89,89,0,0,1148
263,42,42,0,0,1435
264,86,86,0,0,826
264,76,76,0,0,1652
264,85,85,0,0,2478
264,93,93,0,0,3304
264,76,76,0,0,4130
265,41,41,0,0,978
265,95,95,0,0,1956
265,70,70,0,0,2934
265,95,95,0,0,3912
265,64,64,0,0,4890
266,88,88,0,0,139
266,33,33,0,0,278
266,3,3,0,0,417
266,39,39,0,0,556
266,68,68,0,0,695
267,10,10,0,0,264
267,48,48,0,0,528
267,2,2,0,0,792
267,64,64,0,0,1056
267,48,48,0,0,1320
268,42,42,0,0,630
268,60,60,0,0,1260
268,57,57,0,0,1890
268,33,33,0,0,2520
268,79,79,0,0,3150
269,75,75,0,0,438
269,47,47,0,0,876
269,35,35,0,0,1314
269,27,27,0,0,1752
269,19,19,0,0,2190
270,26,26,0,0,895
270,49,49,0,0,1790
270,9,9,0,0,2685
270,69,69,0,0,3580
270,67,67,0,0,4475
271,17,17,0,0,757
271,17,17,0,0,1514
271,19,19,0,0,2271
271,21,21,0,0,3028
271,69,69,0,0,3785
272,69,69,0,0,494
272,5,5,0,0,988
272,37,37,0,0,1482
272,65,65,0,0,1976
272,88,88,0,0,2470
273,89,89,0,0,354
273,1,1,0,0,708
273,23,23,0,0,1062
273,69,69,0,0,1416
273,70,70,0,0,1770
274,37,37,0,0,548
274,72,72,0,0,1096
274,83,83,0,0,1644
274,14,14,0,0,2192
274,62,62,0,0,2740
275,39,39,0,0,867
275,74,74,0,0,1734
275,50,50,0,0,2601
275,2,2,0,0,3468
275,84,84,0,0,4335
276,28,28,0,0,987
276,87,87,0,0,1974
276,56,56,0,0,2961
276,29,29,0,0,3948
276,75,75,0,0,4935
277,88,88,0,0,287
277,59,59,0,0,574
277,60,60,0,0,861
277,97,97,0,0,1148
277,3,3,0,0,1435
278,84,84,0,0,428
278,69,69,0,0,856
278,77,77,0,0,1284
278,16,16,0,0,1712
278,71,71,0,0,2140
279,12,12,0,0,147
279,94,94,0,0,294
279,90,90,0,0,441
279,87,87,0,0,588
279,100,100,0,0,735
280,98,98,0,0,390
280,87,87,0,0,780
280,52,52,0,0,1170
280,46,46,0,0,1560
280,96,96,0,0,1950
281,12,12,0,0,646
281,82,82,0,0,1292
281,37,37,0,0,1938
281,85,85,0,0,2584
281,51,51,0,0,3230
282,96,96,0,0,951
282,85,85,0,0,1902
282,9,9,0,0,2853
282,86,86,0,0,3804
282,31,31,0,0,4755
283,64,64,0,0,811
283,59,59,0,0,1622
283,44,44,0,0,2433
283,37,37,0,0,3244
283,74,74,0,0,4055
284,9,9,0,0,460
284,41,41,0,0,920
284,33,33,0,0,1380
284,70,70,0,0,1840
284,47,47,0,0,2300
285,50,50,0,0,202
285,67,67,0,0,404
285,43,43,0,0,606
285,99,99,0,0,808
285,73,73,0,0,1010
286,31,31,0,0,796
286,95,95,0,0,1592
286,6,6,0,0,2388
286,60,60,0,0,3184
286,11,11,0,0,3980
287,92,92,0,0,372
287,44,44,0,0,744
287,11,11,0,0,1116
287,75,75,0,0,1488
287,89,89,0,0,1860
288,66,66,0,0,734
288,79,79,0,0,1468
288,63,63,0,0,2202
288,98,98,0,0,2936
288,27,27,0,0,3670
289,83,83,0,0,923
289,99,99,0,0,1846
289,21,21,0,0,2769
289,67,67,0,0,3692
289,62,62,0,0,4615
290,45,45,0,0,546
290,77,77,0,0,1092
290,73,73,0,0,1638
290,22,22,0,0,2184
290,39,39,0,0,2730
291,48,48,0,0,151
291,2,2,0,0,302
291,56,56,0,0,453
291,2,2,0,0,604
291,39,39,0,0,755
292,75,75,0,0,120
292,22,22,0,0,240
292,5,5,0,0,360
292,61,61,0,0,480
292,75,75,0,0,600
293,82,82,0,0,850
293,7,7,0,0,1700
293,85,85,0,0,2550
293,0,0,0,0,2550
293,64,64,0,0,3400
294,98,98,0,0,322
294,61,61,0,0,644
294,41,41,0,0,966
294,15,15,0,0,1288
294,61,61,0,0,1610
295,0,0,0,0,0
295,80,80,0,0,731
295,70,70,0,0,1462
295,22,22,0,0,2193
295,86,86,0,0,2924
296,72,72,0,0,786
296,36,36,0,0,1572
296,53,53,0,0,2358
296,23,23,0,0,3144
296,32,32,0,0,3930
297,60,60,0,0,673
297,20,20,0,0,1346
297,77,77,0,0,2019
297,99,99,0,0,2692
297,8,8,0,0,3365
298,0,0,0,0,0
298,86,86,0,0,827
298,14,14,0,0,1654
298,38,38,0,0,2481
298,56,56,0,0,3308
299,55,55,0,0,467
299,94,94,0,0,934
299,74,74,0,0,1401
299,66,66,0,0,1868
299,46,46,0,0,2335
300,70,70,0,0,873
300,57,57,0,0,1746
300,32,32,0,0,2619
300,66,66,0,0,3492
300,51,51,0,0,4365
301,57,57,0,0,353
301,37,37,0,0,706
301,41,41,0,0,1059
301,21,21,0,0,1412
301,6,6,0,0,1765
302,15,15,0,0,339
302,94,94,0,0,678
302,67,67,0,0,1017
302,39,39,0,0,1356
302,97,97,0,0,1695
303,7,7,0,0,302
303,60,60,0,0,604
303,66,66,0,0,906
303,10,10,0,0,1208
303,1,1,0,0,1510
304,29,29,0,0,753
304,34,34,0,0,1506
304,32,32,0,0,2259
304,79,79,0,0,3012
304,68,68,0,0,3765
305,94,94,0,0,178
305,93,93,0,0,356
305,2,2,0,0,534
305,67,67,0,0,712
305,80,80,0,0,890
306,18,18,0,0,297
306,11,11,0,0,594
306,74,74,0,0,891
306,57,57,0,0,1188
306,40,40,0,0,1485
307,0,0,0,0,0
307,34,34,0,0,888
307,68,68,0,0,1776
307,67,67,0,0,2664
307,91,91,0,0,3552
308,74,74,0,0,685
308,91,91,0,0,1370
308,86,86,0,0,2055
308,3,3,0,0,2740
308,99,99,0,0,3425
309,52,52,0,0,707
309,29,29,0,0,1414
309,77,77,0,0,2121
309,3,3,0,0,2828
309,88,88,0,0,3535
310,33,33,0,0,539
310,76,76,0,0,1078
310,55,55,0,0,1617
310,13,13,0,0,2156
310,10,10,0,0,2695
311,5,5,0,0,876
311,26,26,0,0,1752
311,71,71,0,0,2628
311,44,44,0,0,3504
311,74,74,0,0,4380
312,53,53,0,0,280
312,86,86,0,0,560
312,53,53,0,0,840
312,34,34,0,0,1120
312,1,1,0,0,1400
313,56,56,0,0,898
313,51,51,0,0,1796
313,55,55,0,0,2694
313,71,71,0,0,3592
313,95,95,0,0,4490
314,16,16,0,0,422
314,73,73,0,0,844
314,37,37,0,0,1266
314,100,100,0,0,1688
314,2,2,0,0,2110
315,61,61,0,0,248
315,5,5,0,0,496
315,20,20,0,0,744
315,86,86,0,0,992
315,28,28,0,0,1240
316,72,72,0,0,793
316,58,58,0,0,1586
316,80,80,0,0,2379
316,45,45,0,0,3172
316,51,51,0,0,3965
317,24,24,0,0,412
317,36,36,0,0,824
317,41,41,0,0,1236
317,5,5,0,0,1648
317,17,17,0,0,2060
318,92,92,0,0,375
318,12,12,0,0,750
318,10,10,0,0,1125
318,67,67,0,0,1500
318,53,53,0,0,1875
319,27,27,0,0,502
319,91,91,0,0,1004
319,79,79,0,0,1506
319,46,46,0,0,2008
319,63,63,0,0,2510
320,13,13,0,0,736
320,42,42,0,0,1472
320,97,97,0,0,2208
320,7,7,0,0,2944
320,58,58,0,0,3680
321,34,34,0,0,563
321,69,69,0,0,1126
321,4,4,0,0,1689
321,0,0,0,0,1689
321,76,76,0,0,2252
322,79,79,0,0,564
322,91,91,0,0,1128
322,78,78,0,0,1692
322,91,91,0,0,2256
322,39,39,0,0,2820
323,37,37,0,0,310
323,55,55,0,0,620
323,81,81,0,0,930
323,72,72,0,0,1240
323,81,81,0,0,1550
324,40,40,0,0,569
324,98,98,0,0,1138
324,55,55,0,0,1707
324,77,77,0,0,2276
324,77,77,0,0,2845
325,57,57,0,0,159
325,89,89,0,0,318
325,2,2,0,0,477
325,51,51,0,0,636
325,4,4,0,0,795
326,26,26,0,0,180
326,26,26,0,0,360
326,14,14,0,0,540
326,27,27,0,0,720
326,95,95,0,0,900
327,16,16,0,0,284
327,86,86,0,0,568
327,70,70,0,0,852
327,4,4,0,0,1136
327,54,54,0,0,1420
328,70,70,0,0,875
328,68,68,0,0,1750
328,82,82,0,0,2625
328,27,27,0,0,3500
328,24,24,0,0,4375
329,71,71,0,0,663
329,86,86,0,0,1326
329,19,19,0,0,1989
329,42,42,0,0,2652
329,48,48,0,0,3315
330,88,88,0,0,582
330,38,38,0,0,1164
330,25,25,0,0,1746
330,83,83,0,0,2328
330,5,5,0,0,2910
331,62,62,0,0,466
331,7,7,0,0,932
331,2,2,0,0,1398
331,43,43,0,0,1864
331,31,31,0,0,2330
332,70,70,0,0,664
332,100,100,0,0,1328
332,32,32,0,0,1992
332,12,12,0,0,2656
332,1,1,0,0,3320
333,85,85,0,0,839
333,77,77,0,0,1678
333,15,15,0,0,2517
333,87,87,0,0,3356
333,67,67,0,0,4195
334,39,39,0,0,324
334,70,70,0,0,648
334,96,96,0,0,972
334,85,85,0,0,1296
334,64,64,0,0,1620
335,9,9,0,0,688
335,78,78,0,0,1376
335,55,55,0,0,2064
335,44,44,0,0,2752
335,90,90,0,0,3440
336,69,69,0,0,585
336,33,33,0,0,1170
336,100,100,0,0,1755
336,37,37,0,0,2340
336,54,54,0,0,2925
337,43,43,0,0,548
337,56,56,0,0,1096
337,79,79,0,0,1644
337,55,55,0,0,2192
337,87,87,0,0,2740
338,61,61,0,0,631
338,84,84,0,0,1262
338,51,51,0,0,1893
338,55,55,0,0,2524
338,81,81,0,0,3155
339,44,44,0,0,885
339,50,50,0,0,1770
339,46,46,0,0,2655
339,8,8,0,0,3540
339,27,27,0,0,4425
340,37,37,0,0,115
340,48,48,0,0,230
340,93,93,0,0,345
340,96,96,0,0,460
340,62,62,0,0,575
341,11,11,0,0,375
341,63,63,0,0,750
341,19,19,0,0,1125
341,36,36,0,0,1500
341,64,64,0,0,1875
342,62,62,0,0,501
342,25,25,0,0,1002
342,15,15,0,0,1503
342,93,93,0,0,2004
342,81,81,0,0,2505
343,33,33,0,0,878
343,40,40,0,0,1756
343,76,76,0,0,2634
343,91,91,0,0,3512
343,51,51,0,0,4390
344,80,80,0,0,899
344,24,24,0,0,1798
344,78,78,0,0,2697
344,93,93,0,0,3596
344,1,1,0,0,4495
345,64,64,0,0,671
345,0,0,0,0,671
345,70,70,0,0,1342
345,14,14,0,0,2013
345,99,99,0,0,2684
346,93,93,0,0,675
346,49,49,0,0,1350
346,56,56,0,0,2025
346,87,87,0,0,2700
346,87,87,0,0,3375
347,100,100,0,0,122
347,48,48,0,0,244
347,88,88,0,0,366
347,37,37,0,0,488
347,58,58,0,0,610
348,16,16,0,0,244
348,63,63,0,0,488
348,63,63,0,0,732
348,66,66,0,0,976
348,71,71,0,0,1220
349,91,91,0,0,359
349,8,8,0,0,718
349,98,98,0,0,1077
349,81,81,0,0,1436
349,73,73,0,0,1795
350,15,15,0,0,468
350,18,18,0,0,936
350,31,31,0,0,1404
350,4,4,0,0,1872
350,55,55,0,0,2340
351,4,4,0,0,905
351,45,45,0,0,1810
351,79,79,0,0,2715
351,7,7,0,0,3620
351,22,22,0,0,4525
352,49,49,0,0,773
352,54,54,0,0,1546
352,98,98,0,0,2319
352,9,9,0,0,3092
352,67,67,0,0,3865
353,59,59,0,0,196
353,82,82,0,0,392
353,37,37,0,0,588
353,74,74,0,0,784
353,30,30,0,0,980
354,69,69,0,0,415
354,35,35,0,0,830
354,48,48,0,0,1245
354,8,8,0,0,1660
354,83,83,0,0,2075
355,43,43,0,0,223
355,49,49,0,0,446
355,37,37,0,0,669
355,95,95,0,0,892
355,10,10,0,0,1115
356,25,25,0,0,617
356,3,3,0,0,1234
356,92,92,0,0,1851
356,64,64,0,0,2468
356,11,11,0,0,3085
357,18,18,0,0,315
357,26,26,0,0,630
357,100,100,0,0,945
357,82,82,0,0,1260
357,41,41,0,0,1575
358,26,26,0,0,114
358,38,38,0,0,228
358,96,96,0,0,342
358,42,42,0,0,456
358,82,82,0,0,570
359,26,26,0,0,128
359,21,21,0,0,256
359,58,58,0,0,384
359,57,57,0,0,512
359,69,69,0,0,640
360,29,29,0,0,708
360,66,66,0,0,1416
360,15,15,0,0,2124
360,35,35,0,0,2832
360,25,25,0,0,3540
361,83,83,0,0,956
361,70,70,0,0,1912
361,36,36,0,0,2868
361,2,2,0,0,3824
361,10,10,0,0,4780
362,23,23,0,0,501
362,41,41,0,0,1002
362,85,85,0,0,1503
362,76,76,0,0,2004
362,46,46,0,0,2505
363,27,27,0,0,262
363,90,90,0,0,524
363,23,23,0,0,786
363,93,93,0,0,1048
363,83,83,0,0,1310
364,66,66,0,0,490
364,84,84,0,0,980
364,52,52,0,0,1470
364,88,88,0,0,1960
364,28,28,0,0,2450
365,72,72,0,0,874
365,95,95,0,0,1748
365,79,79,0,0,2622
365,16,16,0,0,3496
365,18,18,0,0,4370
366,4,4,0,0,809
366,48,48,0,0,1618
366,85,85,0,0,2427
366,95,95,0,0,3236
366,91,91,0,0,4045
367,19,19,0,0,635
367,65,65,0,0,1270
367,8,8,0,0,1905
367,89,89,0,0,2540
367,54,54,0,0,3175
368,70,70,0,0,432
368,18,18,0,0,864
368,50,50,0,0,1296
368,34,34,0,0,1728
368,85,85,0,0,2160
369,99,99,0,0,822
369,74,74,0,0,1644
369,48,48,0,0,2466
369,12,12,0,0,3288
369,10,10,0,0,4110
370,74,74,0,0,512
370,48,48,0,0,1024
370,5,5,0,0,1536
370,57,57,0,0,2048
370,9,9,0,0,2560
371,62,62,0,0,754
371,2,2,0,0,1508
371,68,68,0,0,2262
371,4,4,0,0,3016
371,75,75,0,0,3770
372,21,21,0,0,929
372,16,16,0,0,1858
372,75,75,0,0,2787
372,32,32,0,0,3716
372,44,44,0,0,4645
373,33,33,0,0,433
373,75,75,0,0,866
373,71,71,0,0,1299
373,51,51,0,0,1732
373,76,76,0,0,2165
374,82,82,0,0,666
374,7,7,0,0,1332
374,89,89,0,0,1998
374,72,72,0,0,2664
374,82,82,0,0,3330
375,19,19,0,0,320
375,84,84,0,0,640
375,76,76,0,0,960
375,4,4,0,0,1280
375,75,75,0,0,1600
376,91,91,0,0,579
376,67,67,0,0,1158
376,9,9,0,0,1737
376,56,56,0,0,2316
376,44,44,0,0,2895
377,24,24,0,0,410
377,92,92,0,0,820
377,34,34,0,0,1230
377,0,0,0,0,1230
377,88,88,0,0,1640
378,28,28,0,0,816
378,68,68,0,0,1632
378,6,6,0,0,2448
378,70,70,0,0,3264
378,78,78,0,0,4080
379,59,59,0,0,994
379,6,6,0,0,1988
379,96,96,0,0,2982
379,22,22,0,0,3976
379,4,4,0,0,4970
380,50,50,0,0,974
380,97,97,0,0,1948
380,98,98,0,0,2922
380,36,36,0,0,3896
380,15,15,0,0,4870
381,99,99,0,0,784
381,30,30,0,0,1568
381,44,44,0,0,2352
381,62,62,0,0,3136
381,38,38,0,0,3920
382,77,77,0,0,359
382,83,83,0,0,718
382,98,98,0,0,1077
382,13,13,0,0,1436
382,5,5,0,0,1795
383,69,69,0,0,700
383,25,25,0,0,1400
383,70,70,0,0,2100
383,42,42,0,0,2800
383,42,42,0,0,3500
384,45,45,0,0,747
384,79,79,0,0,1494
384,4,4,0,0,2241
384,0,0,0,0,2241
384,43,43,0,0,2988
385,80,80,0,0,801
385,83,83,0,0,1602
385,21,21,0,0,2403
385,13,13,0,0,3204
385,53,53,0,0,4005
386,34,34,0,0,629
386,93,93,0,0,1258
386,31,31,0,0,1887
386,69,69,0,0,2516
386,81,81,0,0,3145
387,43,43,0,0,280
387,69,69,0,0,560
387,65,65,0,0,840
387,97,97,0,0,1120
387,36,36,0,0,1400
388,18,18,0,0,525
388,61,61,0,0,1050
388,97,97,0,0,1575
388,39,39,0,0,2100
388,89,89,0,0,2625
389,8,8,0,0,723
389,37,37,0,0,1446
389,46,46,0,0,2169
389,92,92,0,0,2892
389,38,38,0,0,3615
390,28,28,0,0,714
390,85,85,0,0,1428
390,98,98,0,0,2142
390,36,36,0,0,2856
390,79,79,0,0,3570
391,51,51,0,0,351
391,64,64,0,0,702
391,90,90,0,0,1053
391,30,30,0,0,1404
391,43,43,0,0,1755
392,5,5,0,0,992
392,95,95,0,0,1984
392,24,24,0,0,2976
392,55,55,0,0,3968
392,95,95,0,0,4960
393,29,29,0,0,204
393,45,45,0,0,408
393,99,99,0,0,612
393,94,94,0,0,816
393,2,2,0,0,1020
394,41,41,0,0,906
394,70,70,0,0,1812
394,59,59,0,0,2718
394,84,84,0,0,3624
394,90,90,0,0,4530
395,1,1,0,0,561
395,53,53,0,0,1122
395,95,95,0,0,1683
395,91,91,0,0,2244
395,35,35,0,0,2805
396,8,8,0,0,870
396,65,65,0,0,1740
396,90,90,0,0,2610
396,89,89,0,0,3480
396,44,44,0,0,4350
397,34,34,0,0,971
397,38,38,0,0,1942
397,17,17,0,0,2913
397,39,39,0,0,3884
397,49,49,0,0,4855
398,13,13,0,0,737
398,56,56,0,0,1474
398,24,24,0,0,2211
398,21,21,0,0,2948
398,60,60,0,0,3685
399,51,51,0,0,673
399,96,96,0,0,1346
399,74,74,0,0,2019
399,71,71,0,0,2692
399,3,3,0,0,3365
400,37,37,0,0,1000
400,72,72,0,0,2000
400,48,48,0,0,3000
400,78,78,0,0,4000
400,29,29,0,0,5000
401,85,85,0,0,482
401,18,18,0,0,964
401,66,66,0,0,1446
401,15,15,0,0,1928
401,71,71,0,0,2410
402,74,74,0,0,133
402,40,40,0,0,266
402,28,28,0,0,399
402,54,54,0,0,532
402,94,94,0,0,665
403,5,5,0,0,379
403,58,58,0,0,758
403,67,67,0,0,1137
403,93,93,0,0,1516
403,19,19,0,0,1895
404,41,41,0,0,810
404,45,45,0,0,1620
404,17,17,0,0,2430
404,64,64,0,0,3240
404,22,22,0,0,4050
405,45,45,0,0,898
405,96,96,0,0,1796
405,81,81,0,0,2694
405,61,61,0,0,3592
405,8,8,0,0,4490
406,15,15,0,0,896
406,61,61,0,0,1792
406,63,63,0,0,2688
406,38,38,0,0,3584
406,81,81,0,0,4480
407,28,28,0,0,688
407,15,15,0,0,1376
407,10,10,0,0,2064
407,90,90,0,0,2752
407,67,67,0,0,3440
408,60,60,0,0,717
408,31,31,0,0,1434
408,7,7,0,0,2151
408,76,76,0,0,2868
408,71,71,0,0,3585
409,9,9,0,0,559
409,11,11,0,0,1118
409,92,92,0,0,1677
409,46,46,0,0,2236
409,39,39,0,0,2795
410,2,2,0,0,253
410,87,87,0,0,506
410,23,23,0,0,759
410,82,82,0,0,1012
410,2,2,0,0,1265
411,71,71,0,0,105
411,73,73,0,0,210
411,26,26,0,0,315
411,49,49,0,0,420
411,47,47,0,0,525
412,5,5,0,0,676
412,48,48,0,0,1352
412,95,95,0,0,2028
412,26,26,0,0,2704
412,79,79,0,0,3380
413,93,93,0,0,461
413,53,53,0,0,922
413,88,88,0,0,1383
413,9,9,0,0,1844
413,29,29,0,0,2305
414,80,80,0,0,321
414,68,68,0,0,642
414,32,32,0,0,963
414,34,34,0,0,1284
414,11,11,0,0,1605
415,74,74,0,0,534
415,99,99,0,0,1068
415,45,45,0,0,1602
415,72,72,0,0,2136
415,43,43,0,0,2670
416,30,30,0,0,384
416,52,52,0,0,768
416,23,23,0,0,1152
416,51,51,0,0,1536
416,72,72,0,0,1920
417,82,82,0,0,687
417,83,83,0,0,1374
417,5,5,0,0,2061
417,14,14,0,0,2748
417,28,28,0,0,3435
418,5,5,0,0,492
418,74,74,0,0,984
418,57,57,0,0,1476
418,92,92,0,0,1968
418,49,49,0,0,2460
419,89,89,0,0,808
419,44,44,0,0,1616
419,20,20,0,0,2424
419,70,70,0,0,3232
419,42,42,0,0,4040
420,52,52,0,0,483
420,53,53,0,0,966
420,43,43,0,0,1449
420,43,43,0,0,1932
420,49,49,0,0,2415
421,53,53,0,0,130
421,86,86,0,0,260
421,85,85,0,0,390
421,3,3,0,0,520
421,30,30,0,0,650
422,55,55,0,0,957
422,12,12,0,0,1914
422,16,16,0,0,2871
422,68,68,0,0,3828
422,39,39,0,0,4785
423,97,97,0,0,320
423,69,69,0,0,640
423,37,37,0,0,960
423,61,61,0,0,1280
423,95,95,0,0,1600
424,98,98,0,0,951
424,73,73,0,0,1902
424,72,72,0,0,2853
424,8,8,0,0,3804
424,44,44,0,0,4755
425,52,52,0,0,489
425,17,17,0,0,978
425,2,2,0,0,1467
425,86,86,0,0,1956
425,91,91,0,0,2445
426,63,63,0,0,928
426,12,12,0,0,1856
426,52,52,0,0,2784
426,45,45,0,0,3712
426,18,18,0,0,4640
427,1,1,0,0,806
427,48,48,0,0,1612
427,86,86,0,0,2418
427,29,29,0,0,3224
427,57,57,0,0,4030
428,92,92,0,0,276
428,91,91,0,0,552
428,2,2,0,0,828
428,51,51,0,0,1104
428,84,84,0,0,1380
429,46,46,0,0,648
429,94,94,0,0,1296
429,12,12,0,0,1944
429,45,45,0,0,2592
429,10,10,0,0,3240
430,34,34,0,0,754
430,49,49,0,0,1508
430,42,42,0,0,2262
430,33,33,0,0,3016
430,2,2,0,0,3770
431,25,25,0,0,374
431,22,22,0,0,748
431,21,21,0,0,1122
431,11,11,0,0,1496
431,74,74,0,0,1870
432,97,97,0,0,834
432,78,78,0,0,1668
432,33,33,0,0,2502
432,5,5,0,0,3336
432,52,52,0,0,4170
433,53,53,0,0,897
433,56,56,0,0,1794
433,13,13,0,0,2691
433,90,90,0,0,3588
433,99,99,0,0,4485
434,33,33,0,0,127
434,73,73,0,0,254
434,32,32,0,0,381
434,0,0,0,0,381
434,74,74,0,0,508
435,78,78,0,0,863
435,89,89,0,0,1726
435,75,75,0,0,2589
435,0,0,0,0,2589
435,54,54,0,0,3452
436,88,88,0,0,479
436,12,12,0,0,958
436,9,9,0,0,1437
436,38,38,0,0,1916
436,55,55,0,0,2395
437,7,7,0,0,435
437,13,13,0,0,870
437,33,33,0,0,1305
437,51,51,0,0,1740
437,59,59,0,0,2175
438,53,53,0,0,734
438,66,66,0,0,1468
438,84,84,0,0,2202
438,17,17,0,0,2936
438,21,21,0,0,3670
439,9,9,0,0,358
439,13,13,0,0,716
439,25,25,0,0,1074
439,86,86,0,0,1432
439,64,64,0,0,1790
440,84,84,0,0,211
440,45,45,0,0,422
440,84,84,0,0,633
440,54,54,0,0,844
440,56,56,0,0,1055
441,67,67,0,0,837
441,62,62,0,0,1674
441,76,76,0,0,2511
441,19,19,0,0,3348
441,96,96,0,0,4185
442,97,97,0,0,415
442,67,67,0,0,830
442,86,86,0,0,1245
442,25,25,0,0,1660
442,32,32,0,0,2075
443,84,84,0,0,391
443,44,44,0,0,782
443,75,75,0,0,1173
443,4,4,0,0,1564
443,89,89,0,0,1955
444,81,81,0,0,901
444,12,12,0,0,1802
444,84,84,0,0,2703
444,31,31,0,0,3604
444,60,60,0,0,4505
445,79,79,0,0,431
445,54,54,0,0,862
445,83,83,0,0,1293
445,76,76,0,0,1724
445,66,66,0,0,2155
446,34,34,0,0,100
446,51,51,0,0,200
446,99,99,0,0,300
446,11,11,0,0,400
446,85,85,0,0,500
447,82,82,0,0,705
447,96,96,0,0,1410
447,1,1,0,0,2115
447,20,20,0,0,2820
447,98,98,0,0,3525
448,91,91,0,0,753
448,68,68,0,0,1506
448,82,82,0,0,2259
448,87,87,0,0,3012
448,93,93,0,0,3765
449,52,52,0,0,191
449,32,32,0,0,382
449,95,95,0,0,573
449,65,65,0,0,764
449,29,29,0,0,955
450,61,61,0,0,318
450,7,7,0,0,636
450,24,24,0,0,954
450,26,26,0,0,1272
450,35,35,0,0,1590
451,52,52,0,0,661
451,71,71,0,0,1322
451,60,60,0,0,1983
451,21,21,0,0,2644
451,57,57,0,0,3305
452,70,70,0,0,314
452,75,75,0,0,628
452,77,77,0,0,942
452,80,80,0,0,1256
452,67,67,0,0,1570
453,82,82,0,0,894
453,43,43,0,0,1788
453,61,61,0,0,2682
453,34,34,0,0,3576
453,44,44,0,0,4470
454,55,55,0,0,690
454,32,32,0,0,1380
454,98,98,0,0,2070
454,64,64,0,0,2760
454,72,72,0,0,3450
455,73,73,0,0,709
455,88,88,0,0,1418
455,3,3,0,0,2127
455,62,62,0,0,2836
455,29,29,0,0,3545
456,6,6,0,0,229
456,72,72,0,0,458
456,70,70,0,0,687
456,13,13,0,0,916
456,26,26,0,0,1145
457,39,39,0,0,373
457,18,18,0,0,746
457,14,14,0,0,1119
457,70,70,0,0,1492
457,98,98,0,0,1865
458,29,29,0,0,584
458,62,62,0,0,1168
458,79,79,0,0,1752
458,98,98,0,0,2336
458,40,40,0,0,2920
459,61,61,0,0,732
459,43,43,0,0,1464
459,57,57,0,0,2196
459,67,67,0,0,2928
459,82,82,0,0,3660
460,99,99,0,0,986
460,36,36,0,0,1972
460,71,71,0,0,2958
460,73,73,0,0,3944
460,21,21,0,0,4930
461,32,32,0,0,728
461,81,81,0,0,1456
461,59,59,0,0,2184
461,12,12,0,0,2912
461,90,90,0,0,3640
462,35,35,0,0,862
462,81,81,0,0,1724
462,81,81,0,0,2586
462,36,36,0,0,3448
462,26,26,0,0,4310
463,0,0,0,0,0
463,90,90,0,0,237
463,24,24,0,0,474
463,98,98,0,0,711
463,27,27,0,0,948
464,46,46,0,0,493
464,32,32,0,0,986
464,46,46,0,0,1479
464,32,32,0,0,1972
464,65,65,0,0,2465
465,88,88,0,0,757
465,57,57,0,0,1514
465,28,28,0,0,2271
465,46,46,0,0,3028
465,68,68,0,0,3785
466,28,28,0,0,428
466,27,27,0,0,856
466,1,1,0,0,1284
466,43,43,0,0,1712
466,76,76,0,0,2140
467,98,98,0,0,883
467,71,71,0,0,1766
467,87,87,0,0,2649
467,71,71,0,0,3532
467,29,29,0,0,4415
468,90,90,0,0,149
468,90,90,0,0,298
468,60,60,0,0,447
468,53,53,0,0,596
468,13,13,0,0,745
469,16,16,0,0,577
469,1,1,0,0,1154
469,9,9,0,0,1731
469,97,97,0,0,2308
469,46,46,0,0,2885
470,63,63,0,0,431
470,62,62,0,0,862
470,84,84,0,0,1293
470,36,36,0,0,1724
470,98,98,0,0,2155
471,0,0,0,0,0
471,56,56,0,0,777
471,72,72,0,0,1554
471,93,93,0,0,2331
471,51,51,0,0,3108
472,80,80,0,0,751
472,29,29,0,0,1502
472,74,74,0,0,2253
472,28,28,0,0,3004
472,53,53,0,0,3755
473,32,32,0,0,754
473,59,59,0,0,1508
473,55,55,0,0,2262
473,1,1,0,0,3016
473,8,8,0,0,3770
474,51,51,0,0,930
474,16,16,0,0,1860
474,28,28,0,0,2790
474,44,44,0,0,3720
474,12,12,0,0,4650
475,21,21,0,0,392
475,30,30,0,0,784
475,7,7,0,0,1176
475,4,4,0,0,1568
475,23,23,0,0,1960
476,1,1,0,0,981
476,61,61,0,0,1962
476,94,94,0,0,2943
476,99,99,0,0,3924
476,98,98,0,0,4905
477,28,28,0,0,381
477,76,76,0,0,762
477,20,20,0,0,1143
477,96,96,0,0,1524
477,38,38,0,0,1905
478,45,45,0,0,649
478,70,70,0,0,1298
478,6,6,0,0,1947
478,64,64,0,0,2596
478,43,43,0,0,3245
479,48,48,0,0,873
479,78,78,0,0,1746
479,6,6,0,0,2619
479,54,54,0,0,3492
479,89,89,0,0,4365
480,81,81,0,0,913
480,38,38,0,0,1826
480,37,37,0,0,2739
480,79,79,0,0,3652
480,98,98,0,0,4565
481,25,25,0,0,411
481,38,38,0,0,822
481,100,100,0,0,1233
481,27,27,0,0,1644
481,10,10,0,0,2055
482,27,27,0,0,556
482,40,40,0,0,1112
482,78,78,0,0,1668
482,89,89,0,0,2224
482,37,37,0,0,2780
483,60,60,0,0,741
483,79,79,0,0,1482
483,84,84,0,0,2223
483,12,12,0,0,2964
483,5,5,0,0,3705
484,50,50,0,0,581
484,33,33,0,0,1162
484,90,90,0,0,1743
484,14,14,0,0,2324
484,53,53,0,0,2905
485,34,34,0,0,847
485,77,77,0,0,1694
485,10,10,0,0,2541
485,30,30,0,0,3388
485,39,39,0,0,4235
486,58,58,0,0,872
486,9,9,0,0,1744
486,100,100,0,0,2616
486,0,0,0,0,2616
486,87,87,0,0,3488
487,5,5,0,0,241
487,82,82,0,0,482
487,78,78,0,0,723
487,32,32,0,0,964
487,38,38,0,0,1205
488,87,87,0,0,865
488,38,38,0,0,1730
488,34,34,0,0,2595
488,25,25,0,0,3460
488,35,35,0,0,4325
489,84,84,0,0,900
489,22,22,0,0,1800
489,74,74,0,0,2700
489,23,23,0,0,3600
489,91,91,0,0,4500
490,45,45,0,0,816
490,11,11,0,0,1632
490,6,6,0,0,2448
490,30,30,0,0,3264
490,48,48,0,0,4080
491,10,10,0,0,621
491,8,8,0,0,1242
491,33,33,0,0,1863
491,82,82,0,0,2484
491,9,9,0,0,3105
492,86,86,0,0,141
492,99,99,0,0,282
492,0,0,0,0,282
492,90,90,0,0,423
492,92,92,0,0,564
493,47,47,0,0,572
493,58,58,0,0,1144
493,71,71,0,0,1716
493,2,2,0,0,2288
493,15,15,0,0,2860
494,1,1,0,0,346
494,33,33,0,0,692
494,20,20,0,0,1038
494,2,2,0,0,1384
494,94,94,0,0,1730
495,33,33,0,0,971
495,19,19,0,0,1942
495,83,83,0,0,2913
495,47,47,0,0,3884
495,61,61,0,0,4855
496,78,78,0,0,315
496,84,84,0,0,630
496,74,74,0,0,945
496,59,59,0,0,1260
496,75,75,0,0,1575
497,23,23,0,0,865
497,60,60,0,0,1730
497,78,78,0,0,2595
497,34,34,0,0,3460
497,21,21,0,0,4325
498,96,96,0,0,623
498,71,71,0,0,1246
498,49,49,0,0,1869
498,39,39,0,0,2492
498,62,62,0,0,3115
499,91,91,0,0,559
499,42,42,0,0,1118
499,37,37,0,0,1677
499,100,100,0,0,2236
499,39,39,0,0,2795
500,52,52,0,0,763
500,34,34,0,0,1526
500,75,75,0,0,2289
500,77,77,0,0,3052
500,86,86,0,0,3815
501,57,57,0,0,870
501,55,55,0,0,1740
501,1,1,0,0,2610
501,6,6,0,0,3480
501,84,84,0,0,4350
502,77,77,0,0,841
502,35,35,0,0,1682
502,20,20,0,0,2523
502,70,70,0,0,3364
502,39,39,0,0,4205
503,100,100,0,0,300
503,100,100,0,0,600
503,60,60,0,0,900
503,76,76,0,0,1200
503,79,79,0,0,1500
504,41,41,0,0,528
504,100,100,0,0,1056
504,0,0,0,0,1056
504,29,29,0,0,1584
504,32,32,0,0,2112
505,56,56,0,0,610
505,19,19,0,0,1220
505,31,31,0,0,1830
505,8,8,0,0,2440
505,84,84,0,0,3050
506,25,25,0,0,438
506,34,34,0,0,876
506,41,41,0,0,1314
506,51,51,0,0,1752
506,86,86,0,0,2190
507,62,62,0,0,234
507,49,49,0,0,468
507,67,67,0,0,702
507,21,21,0,0,936
507,9,9,0,0,1170
508,95,95,0,0,665
508,35,35,0,0,1330
508,16,16,0,0,1995
508,3,3,0,0,2660
508,52,52,0,0,3325
509,13,13,0,0,946
509,46,46,0,0,1892
509,95,95,0,0,2838
509,28,28,0,0,3784
509,87,87,0,0,4730
510,5,5,0,0,146
510,1,1,0,0,292
510,52,52,0,0,438
510,31,31,0,0,584
510,83,83,0,0,730
511,51,51,0,0,610
511,54,54,0,0,1220
511,75,75,0,0,1830
511,24,24,0,0,2440
511,36,36,0,0,3050
512,94,94,0,0,725
512,55,55,0,0,1450
512,35,35,0,0,2175
512,21,21,0,0,2900
512,81,81,0,0,3625
513,84,84,0,0,517
513,66,66,0,0,1034
513,49,49,0,0,1551
513,20,20,0,0,2068
513,50,50,0,0,2585
514,95,95,0,0,463
514,95,95,0,0,926
514,51,51,0,0,1389
514,20,20,0,0,1852
514,22,22,0,0,2315
515,0,0,0,0,0
515,75,75,0,0,786
515,59,59,0,0,1572
515,8,8,0,0,2358
515,90,90,0,0,3144
516,24,24,0,0,456
516,28,28,0,0,912
516,55,55,0,0,1368
516,56,56,0,0,1824
516,72,72,0,0,2280
517,60,60,0,0,239
517,14,14,0,0,478
517,2,2,0,0,717
517,32,32,0,0,956
517,22,22,0,0,1195
518,74,74,0,0,255
518,96,96,0,0,510
518,86,86,0,0,765
518,92,92,0,0,1020
518,32,32,0,0,1275
519,5,5,0,0,721
519,2,2,0,0,1442
519,55,55,0,0,2163
519,68,68,0,0,2884
519,82,82,0,0,3605
520,46,46,0,0,328
520,33,33,0,0,656
520,91,91,0,0,984
520,24,24,0,0,1312
520,48,48,0,0,1640
521,70,70,0,0,217
521,93,93,0,0,434
521,45,45,0,0,651
521,12,12,0,0,868
521,63,63,0,0,1085
522,30,30,0,0,747
522,80,80,0,0,1494
522,79,79,0,0,2241
522,70,70,0,0,2988
522,44,44,0,0,3735
523,79,79,0,0,917
523,42,42,0,0,1834
523,74,74,0,0,2751
523,61,61,0,0,3668
523,34,34,0,0,4585
524,66,66,0,0,544
524,28,28,0,0,1088
524,72,72,0,0,1632
524,30,30,0,0,2176
524,63,63,0,0,2720
525,78,78,0,0,888
525,2,2,0,0,1776
525,22,22,0,0,2664
525,20,20,0,0,3552
525,15,15,0,0,4440
526,22,22,0,0,716
526,57,57,0,0,1432
526,53,53,0,0,2148
526,28,28,0,0,2864
526,44,44,0,0,3580
527,17,17,0,0,637
527,79,79,0,0,1274
527,52,52,0,0,1911
527,68,68,0,0,2548
527,61,61,0,0,3185
528,43,43,0,0,416
528,58,58,0,0,832
528,0,0,0,0,832
528,84,84,0,0,1248
528,4,4,0,0,1664
529,58,58,0,0,323
529,75,75,0,0,646
529,98,98,0,0,969
529,0,0,0,0,969
529,67,67,0,0,1292
530,79,79,0,0,636
530,97,97,0,0,1272
530,56,56,0,0,1908
530,50,50,0,0,2544
530,24,24,0,0,3180
531,95,95,0,0,925
531,70,70,0,0,1850
531,46,46,0,0,2775
531,85,85,0,0,3700
531,74,74,0,0,4625
532,38,38,0,0,982
532,73,73,0,0,1964
532,29,29,0,0,2946
532,53,53,0,0,3928
532,34,34,0,0,4910
533,44,44,0,0,267
533,81,81,0,0,534
533,0,0,0,0,534
533,6,6,0,0,801
533,91,91,0,0,1068
534,56,56,0,0,627
534,16,16,0,0,1254
534,7,7,0,0,1881
534,88,88,0,0,2508
534,74,74,0,0,3135
535,83,83,0,0,869
535,67,67,0,0,1738
535,23,23,0,0,2607
535,74,74,0,0,3476
535,45,45,0,0,4345
536,8,8,0,0,854
536,55,55,0,0,1708
536,69,69,0,0,2562
536,34,34,0,0,3416
536,43,43,0,0,4270
537,37,37,0,0,717
537,65,65,0,0,1434
537,74,74,0,0,2151
537,69,69,0,0,2868
537,15,15,0,0,3585
538,93,93,0,0,165
538,94,94,0,0,330
538,56,56,0,0,495
538,40,40,0,0,660
538,30,30,0,0,825
539,71,71,0,0,556
539,11,11,0,0,1112
539,7,7,0,0,1668
539,23,23,0,0,2224
539,90,90,0,0,2780
540,91,91,0,0,863
540,77,77,0,0,1726
540,38,38,0,0,2589
540,6,6,0,0,3452
540,79,79,0,0,4315
541,20,20,0,0,164
541,43,43,0,0,328
541,24,24,0,0,492
541,45,45,0,0,656
541,6,6,0,0,820
542,26,26,0,0,916
542,24,24,0,0,1832
542,24,24,0,0,2748
542,81,81,0,0,3664
542,81,81,0,0,4580
543,99,99,0,0,837
543,24,24,0,0,1674
543,8,8,0,0,2511
543,50,50,0,0,3348
543,8,8,0,0,4185
544,11,11,0,0,554
544,20,20,0,0,1108
544,55,55,0,0,1662
544,91,91,0,0,2216
544,43,43,0,0,2770
545,30,30,0,0,976
545,39,39,0,0,1952
545,100,100,0,0,2928
545,22,22,0,0,3904
545,48,48,0,0,4880
546,91,91,0,0,601
546,10,10,0,0,1202
546,22,22,0,0,1803
546,90,90,0,0,2404
546,62,62,0,0,3005
547,37,37,0,0,346
547,17,17,0,0,692
547,4,4,0,0,1038
547,1,1,0,0,1384
547,80,80,0,0,1730
548,95,95,0,0,321
548,79,79,0,0,642
548,89,89,0,0,963
548,48,48,0,0,1284
548,33,33,0,0,1605
549,71,71,0,0,620
549,62,62,0,0,1240
549,66,66,0,0,1860
549,10,10,0,0,2480
549,2,2,0,0,3100
550,51,51,0,0,636
550,52,52,0,0,1272
550,55,55,0,0,1908
550,26,26,0,0,2544
550,57,57,0,0,3180
551,48,48,0,0,274
551,19,19,0,0,548
551,84,84,0,0,822
551,68,68,0,0,1096
551,1,1,0,0,1370
552,4,4,0,0,487
552,72,72,0,0,974
552,5,5,0,0,1461
552,72,72,0,0,1948
552,63,63,0,0,2435
553,67,67,0,0,764
553,37,37,0,0,1528
553,9,9,0,0,2292
553,13,13,0,0,3056
553,52,52,0,0,3820
554,58,58,0,0,502
554,65,65,0,0,1004
554,73,73,0,0,1506
554,44,44,0,0,2008
554,60,60,0,0,2510
555,81,81,0,0,888
555,9,9,0,0,1776
555,63,63,0,0,2664
555,55,55,0,0,3552
555,61,61,0,0,4440
556,85,85,0,0,880
556,71,71,0,0,1760
556,17,17,0,0,2640
556,30,30,0,0,3520
556,76,76,0,0,4400
557,37,37,0,0,329
557,5,5,0,0,658
557,80,80,0,0,987
557,9,9,0,0,1316
557,4,4,0,0,1645
558,90,90,0,0,157
558,86,86,0,0,314
558,73,73,0,0,471
558,58,58,0,0,628
558,73,73,0,0,785
559,79,79,0,0,1000
559,6,6,0,0,2000
559,67,67,0,0,3000
559,82,82,0,0,4000
559,59,59,0,0,5000
560,99,99,0,0,938
560,78,78,0,0,1876
560,78,78,0,0,2814
560,100,100,0,0,3752
560,91,91,0,0,4690
561,95,95,0,0,240
561,49,49,0,0,480
561,93,93,0,0,720
561,43,43,0,0,960
561,64,64,0,0,1200
562,71,71,0,0,529
562,35,35,0,0,1058
562,50,50,0,0,1587
562,14,14,0,0,2116
562,81,81,0,0,2645
563,16,16,0,0,414
563,26,26,0,0,828
563,100,100,0,0,1242
563,77,77,0,0,1656
563,90,90,0,0,2070
564,61,61,0,0,666
564,39,39,0,0,1332
564,49,49,0,0,1998
564,15,15,0,0,2664
564,59,59,0,0,3330
565,76,76,0,0,445
565,63,63,0,0,890
565,61,61,0,0,1335
565,52,52,0,0,1780
565,67,67,0,0,2225
566,28,28,0,0,288
566,45,45,0,0,576
566,82,82,0,0,864
566,36,36,0,0,1152
566,74,74,0,0,1440
567,92,92,0,0,851
567,71,71,0,0,1702
567,16,16,0,0,2553
567,81,81,0,0,3404
567,20,20,0,0,4255
568,71,71,0,0,690
568,26,26,0,0,1380
568,46,46,0,0,2070
568,70,70,0,0,2760
568,95,95,0,0,3450
569,94,94,0,0,267
569,33,33,0,0,534
569,5,5,0,0,801
569,4,4,0,0,1068
569,57,57,0,0,1335
570,95,95,0,0,397
570,18,18,0,0,794
570,93,93,0,0,1191
570,77,77,0,0,1588
570,81,81,0,0,1985
571,32,32,0,0,415
571,32,32,0,0,830
571,47,47,0,0,1245
571,85,85,0,0,1660
571,48,48,0,0,2075
572,88,88,0,0,759
572,40,40,0,0,1518
572,4,4,0,0,2277
572,84,84,0,0,3036
572,68,68,0,0,3795
573,55,55,0,0,737
573,66,66,0,0,1474
573,73,73,0,0,2211
573,31,31,0,0,2948
573,49,49,0,0,3685
574,57,57,0,0,941
574,34,34,0,0,1882
574,55,55,0,0,2823
574,54,54,0,0,3764
574,21,21,0,0,4705
575,57,57,0,0,799
575,36,36,0,0,1598
575,50,50,0,0,2397
575,79,79,0,0,3196
575,89,89,0,0,3995
576,88,88,0,0,832
576,2,2,0,0,1664
576,96,96,0,0,2496
576,72,72,0,0,3328
576,52,52,0,0,4160
577,86,86,0,0,296
577,64,64,0,0,592
577,15,15,0,0,888
577,97,97,0,0,1184
577,94,94,0,0,1480
578,57,57,0,0,874
578,25,25,0,0,1748
578,42,42,0,0,2622
578,66,66,0,0,3496
578,40,40,0,0,4370
579,83,83,0,0,755
579,73,73,0,0,1510
579,7,7,0,0,2265
579,67,67,0,0,3020
579,86,86,0,0,3775
580,4,4,0,0,788
580,57,57,0,0,1576
580,4,4,0,0,2364
580,99,99,0,0,3152
580,6,6,0,0,3940
581,63,63,0,0,860
581,23,23,0,0,1720
581,16,16,0,0,2580
581,13,13,0,0,3440
581,36,36,0,0,4300
582,99,99,0,0,146
582,56,56,0,0,292
582,15,15,0,0,438
582,44,44,0,0,584
582,53,53,0,0,730
583,67,67,0,0,984
583,40,40,0,0,1968
583,2,2,0,0,2952
583,39,39,0,0,3936
583,77,77,0,0,4920
584,16,16,0,0,734
584,47,47,0,0,1468
584,80,80,0,0,2202
584,30,30,0,0,2936
584,18,18,0,0,3670
585,24,24,0,0,574
585,89,89,0,0,1148
585,47,47,0,0,1722
585,47,47,0,0,2296
585,44,44,0,0,2870
586,19,19,0,0,223
586,31,31,0,0,446
586,46,46,0,0,669
586,44,44,0,0,892
586,90,90,0,0,1115
587,96,96,0,0,911
587,40,40,0,0,1822
587,21,21,0,0,2733
587,54,54,0,0,3644
587,98,98,0,0,4555
588,52,52,0,0,403
588,6,6,0,0,806
588,33,33,0,0,1209
588,43,43,0,0,1612
588,78,78,0,0,2015
589,18,18,0,0,171
589,28,28,0,0,342
589,59,59,0,0,513
589,98,98,0,0,684
589,11,11,0,0,855
590,74,74,0,0,388
590,27,27,0,0,776
590,76,76,0,0,1164
590,8,8,0,0,1552
590,75,75,0,0,1940
591,86,86,0,0,993
591,10,10,0,0,1986
591,47,47,0,0,2979
591,28,28,0,0,3972
591,63,63,0,0,4965
592,11,11,0,0,821
592,30,30,0,0,1642
592,21,21,0,0,2463
592,93,93,0,0,3284
592,62,62,0,0,4105
593,37,37,0,0,850
593,19,19,0,0,1700
593,49,49,0,0,2550
593,64,64,0,0,3400
593,13,13,0,0,4250
594,83,83,0,0,410
594,98,98,0,0,820
594,80,80,0,0,1230
594,75,75,0,0,1640
594,33,33,0,0,2050
595,4,4,0,0,310
595,56,56,0,0,620
595,15,15,0,0,930
595,88,88,0,0,1240
595,38,38,0,0,1550
596,87,87,0,0,815
596,84,84,0,0,1630
596,39,39,0,0,2445
596,33,33,0,0,3260
596,32,32,0,0,4075
597,0,0,0,0,0
597,85,85,0,0,750
597,98,98,0,0,1500
597,75,75,0,0,2250
597,21,21,0,0,3000
598,15,15,0,0,179
598,54,54,0,0,358
598,100,100,0,0,537
598,27,27,0,0,716
598,93,93,0,0,895
599,33,33,0,0,848
599,91,91,0,0,1696
599,88,88,0,0,2544
599,72,72,0,0,3392
599,91,91,0,0,4240
600,62,62,0,0,727
600,6,6,0,0,1454
600,12,12,0,0,2181
600,86,86,0,0,2908
600,21,21,0,0,3635
601,66,66,0,0,671
601,97,97,0,0,1342
601,26,26,0,0,2013
601,98,98,0,0,2684
601,32,32,0,0,3355
602,93,93,0,0,417
602,83,83,0,0,834
602,49,49,0,0,1251
602,1,1,0,0,1668
602,59,59,0,0,2085
603,24,24,0,0,971
603,50,50,0,0,1942
603,68,68,0,0,2913
603,86,86,0,0,3884
603,35,35,0,0,4855
604,60,60,0,0,906
604,15,15,0,0,1812
604,52,52,0,0,2718
604,13,13,0,0,3624
604,64,64,0,0,4530
605,64,64,0,0,793
605,98,98,0,0,1586
605,26,26,0,0,2379
605,92,92,0,0,3172
605,28,28,0,0,3965
606,16,16,0,0,964
606,67,67,0,0,1928
606,63,63,0,0,2892
606,83,83,0,0,3856
606,72,72,0,0,4820
607,100,100,0,0,597
607,63,63,0,0,1194
607,0,0,0,0,1194
607,66,66,0,0,1791
607,41,41,0,0,2388
608,64,64,0,0,470
608,39,39,0,0,940
608,87,87,0,0,1410
608,57,57,0,0,1880
608,9,9,0,0,2350
609,31,31,0,0,461
609,71,71,0,0,922
609,51,51,0,0,1383
609,31,31,0,0,1844
609,23,23,0,0,2305
610,6,6,0,0,518
610,35,35,0,0,1036
610,40,40,0,0,1554
610,1,1,0,0,2072
610,0,0,0,0,2072
611,18,18,0,0,967
611,60,60,0,0,1934
611,57,57,0,0,2901
611,54,54,0,0,3868
611,20,20,0,0,4835
612,17,17,0,0,588
612,8,8,0,0,1176
612,99,99,0,0,1764
612,33,33,0,0,2352
612,79,79,0,0,2940
613,81,81,0,0,159
613,98,98,0,0,318
613,91,91,0,0,477
613,66,66,0,0,636
613,49,49,0,0,795
614,52,52,0,0,587
614,0,0,0,0,587
614,78,78,0,0,1174
614,37,37,0,0,1761
614,13,13,0,0,2348
615,91,91,0,0,303
615,32,32,0,0,606
615,59,59,0,0,909
615,51,51,0,0,1212
615,59,59,0,0,1515
616,23,23,0,0,488
616,61,61,0,0,976
616,64,64,0,0,1464
616,38,38,0,0,1952
616,15,15,0,0,2440
617,1,1,0,0,664
617,48,48,0,0,1328
617,24,24,0,0,1992
617,55,55,0,0,2656
617,45,45,0,0,3320
618,48,48,0,0,246
618,14,14,0,0,492
618,26,26,0,0,738
618,13,13,0,0,984
618,88,88,0,0,1230
619,76,76,0,0,243
619,24,24,0,0,486
619,85,85,0,0,729
619,49,49,0,0,972
619,42,42,0,0,1215
620,100,100,0,0,837
620,34,34,0,0,1674
620,38,38,0,0,2511
620,62,62,0,0,3348
620,94,94,0,0,4185
621,19,19,0,0,716
621,73,73,0,0,1432
621,33,33,0,0,2148
621,81,81,0,0,2864
621,24,24,0,0,3580
622,78,78,0,0,289
622,63,63,0,0,578
622,60,60,0,0,867
622,99,99,0,0,1156
622,49,49,0,0,1445
623,51,51,0,0,683
623,48,48,0,0,1366
623,98,98,0,0,2049
623,45,45,0,0,2732
623,72,72,0,0,3415
624,97,97,0,0,762
624,40,40,0,0,1524
624,32,32,0,0,2286
624,93,93,0,0,3048
624,55,55,0,0,3810
625,44,44,0,0,175
625,15,15,0,0,350
625,28,28,0,0,525
625,55,55,0,0,700
625,50,50,0,0,875
626,38,38,0,0,127
626,29,29,0,0,254
626,16,16,0,0,381
626,28,28,0,0,508
626,39,39,0,0,635
627,22,22,0,0,202
627,32,32,0,0,404
627,6,6,0,0,606
627,80,80,0,0,808
627,47,47,0,0,1010
628,89,89,0,0,676
628,42,42,0,0,1352
628,8,8,0,0,2028
628,36,36,0,0,2704
628,26,26,0,0,3380
629,31,31,0,0,182
629,13,13,0,0,364
629,9,9,0,0,546
629,3,3,0,0,728
629,95,95,0,0,910
630,51,51,0,0,703
630,74,74,0,0,1406
630,98,98,0,0,2109
630,72,72,0,0,2812
630,1,1,0,0,3515
631,20,20,0,0,205
631,29,29,0,0,410
631,69,69,0,0,615
631,88,88,0,0,820
631,53,53,0,0,1025
632,86,86,0,0,950
632,63,63,0,0,1900
632,89,89,0,0,2850
632,43,43,0,0,3800
632,0,0,0,0,3800
633,26,26,0,0,369
633,39,39,0,0,738
633,12,12,0,0,1107
633,79,79,0,0,1476
633,21,21,0,0,1845
634,50,50,0,0,221
634,19,19,0,0,442
634,47,47,0,0,663
634,99,99,0,0,884
634,75,75,0,0,1105
635,48,48,0,0,420
635,10,10,0,0,840
635,41,41,0,0,1260
635,31,31,0,0,1680
635,15,15,0,0,2100
636,68,68,0,0,502
636,81,81,0,0,1004
636,2,2,0,0,1506
636,69,69,0,0,2008
636,29,29,0,0,2510
637,29,29,0,0,595
637,59,59,0,0,1190
637,53,53,0,0,1785
637,97,97,0,0,2380
637,60,60,0,0,2975
638,4,4,0,0,760
638,58,58,0,0,1520
638,19,19,0,0,2280
638,21,21,0,0,3040
638,86,86,0,0,3800
639,84,84,0,0,579
639,84,84,0,0,1158
639,87,87,0,0,1737
639,66,66,0,0,2316
639,88,88,0,0,2895
640,10,10,0,0,204
640,1,1,0,0,408
640,35,35,0,0,612
640,23,23,0,0,816
640,72,72,0,0,1020
641,67,67,0,0,772
641,82,82,0,0,1544
641,34,34,0,0,2316
641,83,83,0,0,3088
641,70,70,0,0,3860
642,54,54,0,0,795
642,94,94,0,0,1590
642,35,35,0,0,2385
642,60,60,0,0,3180
642,44,44,0,0,3975
643,86,86,0,0,989
643,23,23,0,0,1978
643,80,80,0,0,2967
643,51,51,0,0,3956
643,9,9,0,0,4945
644,17,17,0,0,337
644,77,77,0,0,674
644,54,54,0,0,1011
644,35,35,0,0,1348
644,5,5,0,0,1685
645,84,84,0,0,412
645,22,22,0,0,824
645,20,20,0,0,1236
645,86,86,0,0,1648
645,31,31,0,0,2060
646,42,42,0,0,621
646,23,23,0,0,1242
646,30,30,0,0,1863
646,4,4,0,0,2484
646,65,65,0,0,3105
647,67,67,0,0,654
647,54,54,0,0,1308
647,80,80,0,0,1962
647,3,3,0,0,2616
647,66,66,0,0,3270
648,36,36,0,0,793
648,17,17,0,0,1586
648,1,1,0,0,2379
648,24,24,0,0,3172
648,12,12,0,0,3965
649,39,39,0,0,386
649,52,52,0,0,772
649,96,96,0,0,1158
649,21,21,0,0,1544
649,37,37,0,0,1930
650,30,30,0,0,316
650,96,96,0,0,632
650,22,22,0,0,948
650,64,64,0,0,1264
650,78,78,0,0,1580
651,29,29,0,0,627
651,30,30,0,0,1254
651,25,25,0,0,1881
651,76,76,0,0,2508
651,3,3,0,0,3135
652,58,58,0,0,647
652,3,3,0,0,1294
652,20,20,0,0,1941
652,8,8,0,0,2588
652,65,65,0,0,3235
653,1,1,0,0,390
653,28,28,0,0,780
653,94,94,0,0,1170
653,16,16,0,0,1560
653,70,70,0,0,1950
654,50,50,0,0,345
654,18,18,0,0,690
654,48,48,0,0,1035
654,84,84,0,0,1380
654,64,64,0,0,1725
655,70,70,0,0,933
655,60,60,0,0,1866
655,27,27,0,0,2799
655,14,14,0,0,3732
655,76,76,0,0,4665
656,58,58,0,0,249
656,21,21,0,0,498
656,64,64,0,0,747
656,78,78,0,0,996
656,92,92,0,0,1245
657,100,100,0,0,476
657,24,24,0,0,952
657,84,84,0,0,1428
657,10,10,0,0,1904
657,79,79,0,0,2380
658,36,36,0,0,908
658,90,90,0,0,1816
658,9,9,0,0,2724
658,25,25,0,0,3632
658,65,65,0,0,4540
659,16,16,0,0,558
659,58,58,0,0,1116
659,68,68,0,0,1674
659,17,17,0,0,2232
659,79,79,0,0,2790
660,62,62,0,0,659
660,87,87,0,0,1318
660,11,11,0,0,1977
660,38,38,0,0,2636
660,99,99,0,0,3295
661,45,45,0,0,541
661,56,56,0,0,1082
661,71,71,0,0,1623
661,10,10,0,0,2164
661,72,72,0,0,2705
662,65,65,0,0,942
662,58,58,0,0,1884
662,8,8,0,0,2826
662,96,96,0,0,3768
662,31,31,0,0,4710
663,37,37,0,0,847
663,25,25,0,0,1694
663,54,54,0,0,2541
663,83,83,0,0,3388
663,84,84,0,0,4235
664,75,75,0,0,843
664,80,80,0,0,1686
664,56,56,0,0,2529
664,28,28,0,0,3372
664,31,31,0,0,4215
665,64,64,0,0,553
665,35,35,0,0,1106
665,17,17,0,0,1659
665,67,67,0,0,2212
665,21,21,0,0,2765
666,98,98,0,0,938
666,29,29,0,0,1876
666,31,31,0,0,2814
666,31,31,0,0,3752
666,15,15,0,0,4690
667,11,11,0,0,967
667,85,85,0,0,1934
667,53,53,0,0,2901
667,36,36,0,0,3868
667,65,65,0,0,4835
668,39,39,0,0,825
668,47,47,0,0,1650
668,45,45,0,0,2475
668,76,76,0,0,3300
668,60,60,0,0,4125
669,38,38,0,0,193
669,12,12,0,0,386
669,77,77,0,0,579
669,1,1,0,0,772
669,37,37,0,0,965
670,74,74,0,0,791
670,75,75,0,0,1582
670,99,99,0,0,2373
670,100,100,0,0,3164
670,39,39,0,0,3955
671,5,5,0,0,266
671,10,10,0,0,532
671,90,90,0,0,798
671,27,27,0,0,1064
671,7,7,0,0,1330
672,86,86,0,0,971
672,76,76,0,0,1942
672,56,56,0,0,2913
672,18,18,0,0,3884
672,1,1,0,0,4855
673,0,0,0,0,0
673,56,56,0,0,779
673,93,93,0,0,1558
673,66,66,0,0,2337
673,21,21,0,0,3116
674,30,30,0,0,106
674,3,3,0,0,212
674,19,19,0,0,318
674,55,55,0,0,424
674,90,90,0,0,530
675,67,67,0,0,926
675,4,4,0,0,1852
675,33,33,0,0,2778
675,39,39,0,0,3704
675,62,62,0,0,4630
676,18,18,0,0,482
676,32,32,0,0,964
676,34,34,0,0,1446
676,14,14,0,0,1928
676,80,80,0,0,2410
677,65,65,0,0,880
677,58,58,0,0,1760
677,97,97,0,0,2640
677,27,27,0,0,3520
677,86,86,0,0,4400
678,85,85,0,0,118
678,12,12,0,0,236
678,72,72,0,0,354
678,97,97,0,0,472
678,69,69,0,0,590
679,27,27,0,0,418
679,4,4,0,0,836
679,26,26,0,0,1254
679,77,77,0,0,1672
679,16,16,0,0,2090
680,24,24,0,0,241
680,25,25,0,0,482
680,48,48,0,0,723
680,36,36,0,0,964
680,31,31,0,0,1205
681,31,31,0,0,657
681,20,20,0,0,1314
681,96,96,0,0,1971
681,24,24,0,0,2628
681,23,23,0,0,3285
682,50,50,0,0,845
682,50,50,0,0,1690
682,19,19,0,0,2535
682,81,81,0,0,3380
682,59,59,0,0,4225
683,99,99,0,0,462
683,12,12,0,0,924
683,87,87,0,0,1386
683,93,93,0,0,1848
683,15,15,0,0,2310
684,40,40,0,0,107
684,72,72,0,0,214
684,58,58,0,0,321
684,54,54,0,0,428
684,57,57,0,0,535
685,35,35,0,0,451
685,90,90,0,0,902
685,10,10,0,0,1353
685,77,77,0,0,1804
685,98,98,0,0,2255
686,74,74,0,0,672
686,28,28,0,0,1344
686,75,75,0,0,2016
686,62,62,0,0,2688
686,87,87,0,0,3360
687,99,99,0,0,758
687,83,83,0,0,1516
687,44,44,0,0,2274
687,11,11,0,0,3032
687,78,78,0,0,3790
688,14,14,0,0,888
688,56,56,0,0,1776
688,0,0,0,0,1776
688,97,97,0,0,2664
688,2,2,0,0,3552
689,63,63,0,0,654
689,83,83,0,0,1308
689,48,48,0,0,1962
689,67,67,0,0,2616
689,92,92,0,0,3270
690,8,8,0,0,993
690,12,12,0,0,1986
690,49,49,0,0,2979
690,57,57,0,0,3972
690,40,40,0,0,4965
691,60,60,0,0,750
691,61,61,0,0,1500
691,2,2,0,0,2250
691,32,32,0,0,3000
691,0,0,0,0,3000
692,28,28,0,0,383
692,10,10,0,0,766
692,59,59,0,0,1149
692,95,95,0,0,1532
692,71,71,0,0,1915
693,15,15,0,0,441
693,30,30,0,0,882
693,56,56,0,0,1323
693,40,40,0,0,1764
693,30,30,0,0,2205
694,64,64,0,0,472
694,66,66,0,0,944
694,73,73,0,0,1416
694,94,94,0,0,1888
694,36,36,0,0,2360
695,34,34,0,0,225
695,34,34,0,0,450
695,61,61,0,0,675
695,27,27,0,0,900
695,2,2,0,0,1125
696,42,42,0,0,147
696,58,58,0,0,294
696,69,69,0,0,441
696,37,37,0,0,588
696,87,87,0,0,735
697,99,99,0,0,785
697,79,79,0,0,1570
697,22,22,0,0,2355
697,5,5,0,0,3140
697,51,51,0,0,3925
698,46,46,0,0,322
698,41,41,0,0,644
698,57,57,0,0,966
698,98,98,0,0,1288
698,87,87,0,0,1610
699,5,5,0,0,717
699,70,70,0,0,1434
699,69,69,0,0,2151
699,86,86,0,0,2868
699,79,79,0,0,3585
700,44,44,0,0,211
700,35,35,0,0,422
700,96,96,0,0,633
700,65,65,0,0,844
700,11,11,0,0,1055
701,80,80,0,0,263
701,1,1,0,0,526
701,45,45,0,0,789
701,66,66,0,0,1052
701,72,72,0,0,1315
702,15,15,0,0,492
702,73,73,0,0,984
702,30,30,0,0,1476
702,26,26,0,0,1968
702,5,5,0,0,2460
703,74,74,0,0,697
703,30,30,0,0,1394
703,95,95,0,0,2091
703,43,43,0,0,2788
703,2,2,0,0,3485
704,42,42,0,0,715
704,39,39,0,0,1430
704,100,100,0,0,2145
704,76,76,0,0,2860
704,77,77,0,0,3575
705,54,54,0,0,391
705,8,8,0,0,782
705,48,48,0,0,1173
705,83,83,0,0,1564
705,82,82,0,0,1955
706,16,16,0,0,655
706,62,62,0,0,1310
706,91,91,0,0,1965
706,100,100,0,0,2620
706,25,25,0,0,3275
707,32,32,0,0,458
707,34,34,0,0,916
707,41,41,0,0,1374
707,4,4,0,0,1832
707,68,68,0,0,2290
708,45,45,0,0,324
708,30,30,0,0,648
708,82,82,0,0,972
708,29,29,0,0,1296
708,96,96,0,0,1620
709,77,77,0,0,179
709,97,97,0,0,358
709,76,76,0,0,537
709,67,67,0,0,716
709,18,18,0,0,895
710,37,37,0,0,690
710,84,84,0,0,1380
710,3,3,0,0,2070
710,75,75,0,0,2760
710,58,58,0,0,3450
711,97,97,0,0,227
711,43,43,0,0,454
711,26,26,0,0,681
711,95,95,0,0,908
711,68,68,0,0,1135
712,34,34,0,0,767
712,14,14,0,0,1534
712,64,64,0,0,2301
712,84,84,0,0,3068
712,81,81,0,0,3835
713,18,18,0,0,703
713,41,41,0,0,1406
713,81,81,0,0,2109
713,71,71,0,0,2812
713,83,83,0,0,3515
714,53,53,0,0,857
714,32,32,0,0,1714
714,25,25,0,0,2571
714,97,97,0,0,3428
714,7,7,0,0,4285
715,60,60,0,0,284
715,54,54,0,0,568
715,97,97,0,0,852
715,22,22,0,0,1136
715,48,48,0,0,1420
716,72,72,0,0,470
716,27,27,0,0,940
716,64,64,0,0,1410
716,71,71,0,0,1880
716,11,11,0,0,2350
717,37,37,0,0,817
717,100,100,0,0,1634
717,36,36,0,0,2451
717,86,86,0,0,3268
717,80,80,0,0,4085
718,69,69,0,0,139
718,53,53,0,0,278
718,86,86,0,0,417
718,27,27,0,0,556
718,21,21,0,0,695
719,90,90,0,0,162
719,26,26,0,0,324
719,53,53,0,0,486
719,76,76,0,0,648
719,69,69,0,0,810
720,68,68,0,0,248
720,66,66,0,0,496
720,73,73,0,0,744
720,41,41,0,0,992
720,37,37,0,0,1240
721,15,15,0,0,801
721,52,52,0,0,1602
721,81,81,0,0,2403
721,78,78,0,0,3204
721,50,50,0,0,4005
722,81,81,0,0,850
722,39,39,0,0,1700
722,27,27,0,0,2550
722,74,74,0,0,3400
722,26,26,0,0,4250
723,61,61,0,0,526
723,32,32,0,0,1052
723,61,61,0,0,1578
723,42,42,0,0,2104
723,80,80,0,0,2630
724,64,64,0,0,603
724,34,34,0,0,1206
724,91,91,0,0,1809
724,88,88,0,0,2412
724,87,87,0,0,3015
725,37,37,0,0,231
725,78,78,0,0,462
725,52,52,0,0,693
725,4,4,0,0,924
725,86,86,0,0,1155
726,34,34,0,0,766
726,81,81,0,0,1532
726,17,17,0,0,2298
726,43,43,0,0,3064
726,2,2,0,0,3830
727,23,23,0,0,894
727,65,65,0,0,1788
727,30,30,0,0,2682
727,36,36,0,0,3576
727,20,20,0,0,4470
728,51,51,0,0,821
728,81,81,0,0,1642
728,49,49,0,0,2463
728,6,6,0,0,3284
728,44,44,0,0,4105
729,29,29,0,0,911
729,86,86,0,0,1822
729,84,84,0,0,2733
729,18,18,0,0,3644
729,74,74,0,0,4555
730,46,46,0,0,804
730,25,25,0,0,1608
730,21,21,0,0,2412
730,97,97,0,0,3216
730,53,53,0,0,4020
731,9,9,0,0,865
731,86,86,0,0,1730
731,82,82,0,0,2595
731,86,86,0,0,3460
731,21,21,0,0,4325
732,34,34,0,0,730
732,56,56,0,0,1460
732,19,19,0,0,2190
732,86,86,0,0,2920
732,55,55,0,0,3650
733,26,26,0,0,864
733,54,54,0,0,1728
733,84,84,0,0,2592
733,9,9,0,0,3456
733,36,36,0,0,4320
734,27,27,0,0,554
734,19,19,0,0,1108
734,23,23,0,0,1662
734,84,84,0,0,2216
734,23,23,0,0,2770
735,90,90,0,0,558
735,45,45,0,0,1116
735,40,40,0,0,1674
735,65,65,0,0,2232
735,73,73,0,0,2790
736,42,42,0,0,251
736,13,13,0,0,502
736,64,64,0,0,753
736,33,33,0,0,1004
736,61,61,0,0,1255
737,32,32,0,0,765
737,9,9,0,0,1530
737,79,79,0,0,2295
737,37,37,0,0,3060
737,65,65,0,0,3825
738,62,62,0,0,542
738,17,17,0,0,1084
738,71,71,0,0,1626
738,69,69,0,0,2168
738,92,92,0,0,2710
739,15,15,0,0,460
739,91,91,0,0,920
739,26,26,0,0,1380
739,42,42,0,0,1840
739,94,94,0,0,2300
740,2,2,0,0,936
740,19,19,0,0,1872
740,0,0,0,0,1872
740,50,50,0,0,2808
740,86,86,0,0,3744
741,92,92,0,0,310
741,68,68,0,0,620
741,77,77,0,0,930
741,95,95,0,0,1240
741,1,1,0,0,1550
742,20,20,0,0,983
742,32,32,0,0,1966
742,24,24,0,0,2949
742,17,17,0,0,3932
742,42,42,0,0,4915
743,95,95,0,0,967
743,68,68,0,0,1934
743,94,94,0,0,2901
743,56,56,0,0,3868
743,33,33,0,0,4835
744,56,56,0,0,346
744,99,99,0,0,692
744,62,62,0,0,1038
744,59,59,0,0,1384
744,77,77,0,0,1730
745,24,24,0,0,245
745,42,42,0,0,490
745,26,26,0,0,735
745,20,20,0,0,980
745,13,13,0,0,1225
746,45,45,0,0,985
746,84,84,0,0,1970
746,34,34,0,0,2955
746,40,40,0,0,3940
746,96,96,0,0,4925
747,92,92,0,0,622
747,20,20,0,0,1244
747,7,7,0,0,1866
747,76,76,0,0,2488
747,53,53,0,0,3110
748,15,15,0,0,206
748,55,55,0,0,412
748,11,11,0,0,618
748,34,34,0,0,824
748,46,46,0,0,1030
749,90,90,0,0,100
749,30,30,0,0,200
749,70,70,0,0,300
749,83,83,0,0,400
749,81,81,0,0,500
750,54,54,0,0,354
750,69,69,0,0,708
750,80,80,0,0,1062
750,40,40,0,0,1416
750,71,71,0,0,1770
751,89,89,0,0,609
751,35,35,0,0,1218
751,54,54,0,0,1827
751,37,37,0,0,2436
751,6,6,0,0,3045
752,38,38,0,0,563
752,81,81,0,0,1126
752,31,31,0,0,1689
752,97,97,0,0,2252
752,79,79,0,0,2815
753,71,71,0,0,317
753,24,24,0,0,634
753,13,13,0,0,951
753,32,32,0,0,1268
753,4,4,0,0,1585
754,64,64,0,0,232
754,42,42,0,0,464
754,17,17,0,0,696
754,89,89,0,0,928
754,67,67,0,0,1160
755,24,24,0,0,643
755,59,59,0,0,1286
755,2,2,0,0,1929
755,86,86,0,0,2572
755,91,91,0,0,3215
756,55,55,0,0,314
756,63,63,0,0,628
756,28,28,0,0,942
756,96,96,0,0,1256
756,14,14,0,0,1570
757,54,54,0,0,761
757,93,93,0,0,1522
757,28,28,0,0,2283
757,94,94,0,0,3044
757,4,4,0,0,3805
758,66,66,0,0,267
758,75,75,0,0,534
758,30,30,0,0,801
758,91,91,0,0,1068
758,38,38,0,0,1335
759,62,62,0,0,367
759,55,55,0,0,734
759,97,97,0,0,1101
759,96,96,0,0,1468
759,54,54,0,0,1835
760,35,35,0,0,961
760,47,47,0,0,1922
760,60,60,0,0,2883
760,34,34,0,0,3844
760,46,46,0,0,4805
761,64,64,0,0,639
761,36,36,0,0,1278
761,14,14,0,0,1917
761,28,28,0,0,2556
761,40,40,0,0,3195
762,16,16,0,0,501
762,67,67,0,0,1002
762,63,63,0,0,1503
762,85,85,0,0,2004
762,97,97,0,0,2505
763,92,92,0,0,408
763,41,41,0,0,816
763,31,31,0,0,1224
763,35,35,0,0,1632
763,39,39,0,0,2040
764,8,8,0,0,443
764,74,74,0,0,886
764,82,82,0,0,1329
764,11,11,0,0,1772
764,39,39,0,0,2215
765,14,14,0,0,313
765,72,72,0,0,626
765,22,22,0,0,939
765,47,47,0,0,1252
765,89,89,0,0,1565
766,42,42,0,0,166
766,72,72,0,0,332
766,58,58,0,0,498
766,62,62,0,0,664
766,3,3,0,0,830
767,92,92,0,0,346
767,88,88,0,0,692
767,62,62,0,0,1038
767,96,96,0,0,1384
767,38,38,0,0,1730
768,17,17,0,0,631
768,81,81,0,0,1262
768,18,18,0,0,1893
768,33,33,0,0,2524
768,100,100,0,0,3155
769,95,95,0,0,143
769,88,88,0,0,286
769,33,33,0,0,429
769,52,52,0,0,572
769,72,72,0,0,715
770,65,65,0,0,615
770,7,7,0,0,1230
770,92,92,0,0,1845
770,72,72,0,0,2460
770,55,55,0,0,3075
771,95,95,0,0,664
771,49,49,0,0,1328
771,62,62,0,0,1992
771,89,89,0,0,2656
771,89,89,0,0,3320
772,20,20,0,0,911
772,86,86,0,0,1822
772,81,81,0,0,2733
772,3,3,0,0,3644
772,26,26,0,0,4555
773,75,75,0,0,783
773,3,3,0,0,1566
773,20,20,0,0,2349
773,56,56,0,0,3132
773,22,22,0,0,3915
774,12,12,0,0,921
774,53,53,0,0,1842
774,50,50,0,0,2763
774,9,9,0,0,3684
774,70,70,0,0,4605
775,18,18,0,0,168
775,33,33,0,0,336
775,63,63,0,0,504
775,8,8,0,0,672
775,95,95,0,0,840
776,75,75,0,0,678
776,72,72,0,0,1356
776,81,81,0,0,2034
776,27,27,0,0,2712
776,41,41,0,0,3390
777,9,9,0,0,866
777,83,83,0,0,1732
777,35,35,0,0,2598
777,54,54,0,0,3464
777,92,92,0,0,4330
778,9,9,0,0,933
778,35,35,0,0,1866
778,1,1,0,0,2799
778,37,37,0,0,3732
778,79,79,0,0,4665
779,25,25,0,0,298
779,61,61,0,0,596
779,64,64,0,0,894
779,37,37,0,0,1192
779,59,59,0,0,1490
780,6,6,0,0,619
780,79,79,0,0,1238
780,52,52,0,0,1857
780,3,3,0,0,2476
780,37,37,0,0,3095
781,0,0,0,0,0
781,42,42,0,0,495
781,26,26,0,0,990
781,61,61,0,0,1485
781,4,4,0,0,1980
782,29,29,0,0,527
782,79,79,0,0,1054
782,15,15,0,0,1581
782,23,23,0,0,2108
782,51,51,0,0,2635
783,92,92,0,0,780
783,84,84,0,0,1560
783,20,20,0,0,2340
783,8,8,0,0,3120
783,48,48,0,0,3900
784,15,15,0,0,409
784,67,67,0,0,818
784,20,20,0,0,1227
784,39,39,0,0,1636
784,99,99,0,0,2045
785,7,7,0,0,958
785,56,56,0,0,1916
785,94,94,0,0,2874
785,1,1,0,0,3832
785,4,4,0,0,4790
786,48,48,0,0,430
786,49,49,0,0,860
786,1,1,0,0,1290
786,82,82,0,0,1720
786,52,52,0,0,2150
787,96,96,0,0,747
787,50,50,0,0,1494
787,61,61,0,0,2241
787,41,41,0,0,2988
787,99,99,0,0,3735
788,96,96,0,0,987
788,75,75,0,0,1974
788,37,37,0,0,2961
788,100,100,0,0,3948
788,91,91,0,0,4935
789,14,14,0,0,880
789,68,68,0,0,1760
789,92,92,0,0,2640
789,27,27,0,0,3520
789,83,83,0,0,4400
790,90,90,0,0,341
790,44,44,0,0,682
790,74,74,0,0,1023
790,60,60,0,0,1364
790,37,37,0,0,1705
791,100,100,0,0,404
791,42,42,0,0,808
791,85,85,0,0,1212
791,6,6,0,0,1616
791,30,30,0,0,2020
792,86,86,0,0,895
792,59,59,0,0,1790
792,52,52,0,0,2685
792,66,66,0,0,3580
792,74,74,0,0,4475
793,28,28,0,0,406
793,35,35,0,0,812
793,63,63,0,0,1218
793,56,56,0,0,1624
793,36,36,0,0,2030
794,47,47,0,0,828
794,80,80,0,0,1656
794,0,0,0,0,1656
794,86,86,0,0,2484
794,92,92,0,0,3312
795,66,66,0,0,322
795,25,25,0,0,644
795,12,12,0,0,966
795,97,97,0,0,1288
795,59,59,0,0,1610
796,17,17,0,0,427
796,85,85,0,0,854
796,37,37,0,0,1281
796,71,71,0,0,1708
796,71,71,0,0,2135
797,91,91,0,0,888
797,64,64,0,0,1776
797,24,24,0,0,2664
797,32,32,0,0,3552
797,25,25,0,0,4440
798,15,15,0,0,721
798,36,36,0,0,1442
798,64,64,0,0,2163
798,76,76,0,0,2884
798,13,13,0,0,3605
799,31,31,0,0,613
799,3,3,0,0,1226
799,34,34,0,0,1839
799,82,82,0,0,2452
799,57,57,0,0,3065
800,60,60,0,0,746
800,31,31,0,0,1492
800,88,88,0,0,2238
800,76,76,0,0,2984
800,62,62,0,0,3730
801,43,43,0,0,474
801,56,56,0,0,948
801,95,95,0,0,1422
801,60,60,0,0,1896
801,10,10,0,0,2370
802,28,28,0,0,552
802,13,13,0,0,1104
802,52,52,0,0,1656
802,12,12,0,0,2208
802,62,62,0,0,2760
803,43,43,0,0,212
803,11,11,0,0,424
803,90,90,0,0,636
803,21,21,0,0,848
803,11,11,0,0,1060
804,30,30,0,0,805
804,92,92,0,0,1610
804,87,87,0,0,2415
804,7,7,0,0,3220
804,75,75,0,0,4025
805,69,69,0,0,302
805,45,45,0,0,604
805,60,60,0,0,906
805,11,11,0,0,1208
805,96,96,0,0,1510
806,3,3,0,0,321
806,57,57,0,0,642
806,42,42,0,0,963
806,79,79,0,0,1284
806,97,97,0,0,1605
807,31,31,0,0,668
807,36,36,0,0,1336
807,59,59,0,0,2004
807,44,44,0,0,2672
807,1,1,0,0,3340
808,67,67,0,0,444
808,94,94,0,0,888
808,23,23,0,0,1332
808,4,4,0,0,1776
808,47,47,0,0,2220
809,29,29,0,0,214
809,43,43,0,0,428
809,11,11,0,0,642
809,59,59,0,0,856
809,63,63,0,0,1070
810,0,0,0,0,0
810,38,38,0,0,177
810,17,17,0,0,354
810,10,10,0,0,531
810,53,53,0,0,708
811,64,64,0,0,703
811,90,90,0,0,1406
811,58,58,0,0,2109
811,36,36,0,0,2812
811,89,89,0,0,3515
812,29,29,0,0,763
812,12,12,0,0,1526
812,28,28,0,0,2289
812,69,69,0,0,3052
812,55,55,0,0,3815
813,69,69,0,0,955
813,77,77,0,0,1910
813,6,6,0,0,2865
813,85,85,0,0,3820
813,34,34,0,0,4775
814,36,36,0,0,324
814,93,93,0,0,648
814,65,65,0,0,972
814,37,37,0,0,1296
814,86,86,0,0,1620
815,62,62,0,0,300
815,52,52,0,0,600
815,68,68,0,0,900
815,29,29,0,0,1200
815,43,43,0,0,1500
816,11,11,0,0,969
816,9,9,0,0,1938
816,1,1,0,0,2907
816,40,40,0,0,3876
816,12,12,0,0,4845
817,74,74,0,0,602
817,46,46,0,0,1204
817,63,63,0,0,1806
817,96,96,0,0,2408
817,47,47,0,0,3010
818,3,3,0,0,279
818,21,21,0,0,558
818,3,3,0,0,837
818,84,84,0,0,1116
818,28,28,0,0,1395
819,40,40,0,0,196
819,12,12,0,0,392
819,29,29,0,0,588
819,94,94,0,0,784
819,26,26,0,0,980
820,61,61,0,0,235
820,80,80,0,0,470
820,93,93,0,0,705
820,88,88,0,0,940
820,47,47,0,0,1175
821,2,2,0,0,857
821,19,19,0,0,1714
821,90,90,0,0,2571
821,34,34,0,0,3428
821,82,82,0,0,4285
822,3,3,0,0,440
822,74,74,0,0,880
822,84,84,0,0,1320
822,5,5,0,0,1760
822,23,23,0,0,2200
823,75,75,0,0,727
823,6,6,0,0,1454
823,56,56,0,0,2181
823,76,76,0,0,2908
823,86,86,0,0,3635
824,77,77,0,0,234
824,49,49,0,0,468
824,90,90,0,0,702
824,62,62,0,0,936
824,34,34,0,0,1170
825,29,29,0,0,510
825,83,83,0,0,1020
825,94,94,0,0,1530
825,34,34,0,0,2040
825,88,88,0,0,2550
826,81,81,0,0,830
826,0,0,0,0,830
826,94,94,0,0,1660
826,64,64,0,0,2490
826,22,22,0,0,3320
827,93,93,0,0,191
827,42,42,0,0,382
827,11,11,0,0,573
827,22,22,0,0,764
827,47,47,0,0,955
828,38,38,0,0,178
828,63,63,0,0,356
828,65,65,0,0,534
828,61,61,0,0,712
828,40,40,0,0,890
829,16,16,0,0,541
829,45,45,0,0,1082
829,36,36,0,0,1623
829,65,65,0,0,2164
829,80,80,0,0,2705
830,89,89,0,0,272
830,34,34,0,0,544
830,10,10,0,0,816
830,84,84,0,0,1088
830,51,51,0,0,1360
831,79,79,0,0,877
831,67,67,0,0,1754
831,70,70,0,0,2631
831,74,74,0,0,3508
831,99,99,0,0,4385
832,72,72,0,0,998
832,39,39,0,0,1996
832,67,67,0,0,2994
832,63,63,0,0,3992
832,27,27,0,0,4990
833,61,61,0,0,229
833,46,46,0,0,458
833,31,31,0,0,687
833,25,25,0,0,916
833,68,68,0,0,1145
834,27,27,0,0,243
834,6,6,0,0,486
834,36,36,0,0,729
834,8,8,0,0,972
834,96,96,0,0,1215
835,28,28,0,0,545
835,30,30,0,0,1090
835,53,53,0,0,1635
835,79,79,0,0,2180
835,51,51,0,0,2725
836,69,69,0,0,821
836,91,91,0,0,1642
836,59,59,0,0,2463
836,68,68,0,0,3284
836,84,84,0,0,4105
837,21,21,0,0,114
837,71,71,0,0,228
837,48,48,0,0,342
837,34,34,0,0,456
837,14,14,0,0,570
838,100,100,0,0,943
838,84,84,0,0,1886
838,35,35,0,0,2829
838,78,78,0,0,3772
838,71,71,0,0,4715
839,37,37,0,0,984
839,55,55,0,0,1968
839,62,62,0,0,2952
839,65,65,0,0,3936
839,92,92,0,0,4920
840,50,50,0,0,469
840,50,50,0,0,938
840,33,33,0,0,1407
840,17,17,0,0,1876
840,98,98,0,0,2345
841,98,98,0,0,600
841,25,25,0,0,1200
841,69,69,0,0,1800
841,15,15,0,0,2400
841,88,88,0,0,3000
842,21,21,0,0,580
842,52,52,0,0,1160
842,100,100,0,0,1740
842,35,35,0,0,2320
842,0,0,0,0,2320
843,1,1,0,0,775
843,26,26,0,0,1550
843,71,71,0,0,2325
843,32,32,0,0,3100
843,11,11,0,0,3875
844,33,33,0,0,612
844,83,83,0,0,1224
844,32,32,0,0,1836
844,41,41,0,0,2448
844,81,81,0,0,3060
845,81,81,0,0,617
845,93,93,0,0,1234
845,57,57,0,0,1851
845,80,80,0,0,2468
845,97,97,0,0,3085
846,65,65,0,0,507
846,77,77,0,0,1014
846,46,46,0,0,1521
846,78,78,0,0,2028
846,93,93,0,0,2535
847,80,80,0,0,797
847,5,5,0,0,1594
847,27,27,0,0,2391
847,28,28,0,0,3188
847,25,25,0,0,3985
848,27,27,0,0,630
848,28,28,0,0,1260
848,89,89,0,0,1890
848,24,24,0,0,2520
848,87,87,0,0,3150
849,97,97,0,0,281
849,44,44,0,0,562
849,97,97,0,0,843
849,85,85,0,0,1124
849,92,92,0,0,1405
850,89,89,0,0,154
850,73,73,0,0,308
850,95,95,0,0,462
850,16,16,0,0,616
850,98,98,0,0,770
851,80,80,0,0,167
851,38,38,0,0,334
851,86,86,0,0,501
851,34,34,0,0,668
851,91,91,0,0,835
852,6,6,0,0,246
852,41,41,0,0,492
852,13,13,0,0,738
852,1,1,0,0,984
852,24,24,0,0,1230
853,18,18,0,0,901
853,53,53,0,0,1802
853,48,48,0,0,2703
853,60,60,0,0,3604
853,95,95,0,0,4505
854,62,62,0,0,598
854,71,71,0,0,1196
854,84,84,0,0,1794
854,98,98,0,0,2392
854,57,57,0,0,2990
855,46,46,0,0,939
855,44,44,0,0,1878
855,40,40,0,0,2817
855,89,89,0,0,3756
855,24,24,0,0,4695
856,47,47,0,0,199
856,23,23,0,0,398
856,42,42,0,0,597
856,52,52,0,0,796
856,90,90,0,0,995
857,20,20,0,0,666
857,47,47,0,0,1332
857,67,67,0,0,1998
857,50,50,0,0,2664
857,75,75,0,0,3330
858,42,42,0,0,644
858,70,70,0,0,1288
858,71,71,0,0,1932
858,39,39,0,0,2576
858,50,50,0,0,3220
859,55,55,0,0,213
859,42,42,0,0,426
859,76,76,0,0,639
859,91,91,0,0,852
859,56,56,0,0,1065
860,49,49,0,0,193
860,10,10,0,0,386
860,67,67,0,0,579
860,49,49,0,0,772
860,86,86,0,0,965
861,55,55,0,0,408
861,14,14,0,0,816
861,11,11,0,0,1224
861,97,97,0,0,1632
861,25,25,0,0,2040
862,21,21,0,0,539
862,7,7,0,0,1078
862,16,16,0,0,1617
862,28,28,0,0,2156
862,30,30,0,0,2695
863,31,31,0,0,924
863,92,92,0,0,1848
863,55,55,0,0,2772
863,28,28,0,0,3696
863,60,60,0,0,4620
864,3,3,0,0,955
864,45,45,0,0,1910
864,25,25,0,0,2865
864,7,7,0,0,3820
864,7,7,0,0,4775
865,85,85,0,0,895
865,19,19,0,0,1790
865,99,99,0,0,2685
865,80,80,0,0,3580
865,69,69,0,0,4475
866,78,78,0,0,985
866,81,81,0,0,1970
866,17,17,0,0,2955
866,53,53,0,0,3940
866,96,96,0,0,4925
867,45,45,0,0,657
867,23,23,0,0,1314
867,5,5,0,0,1971
867,4,4,0,0,2628
867,88,88,0,0,3285
868,46,46,0,0,306
868,0,0,0,0,306
868,29,29,0,0,612
868,95,95,0,0,918
868,30,30,0,0,1224
869,52,52,0,0,753
869,93,93,0,0,1506
869,6,6,0,0,2259
869,76,76,0,0,3012
869,16,16,0,0,3765
870,10,10,0,0,713
870,39,39,0,0,1426
870,5,5,0,0,2139
870,22,22,0,0,2852
870,27,27,0,0,3565
871,86,86,0,0,811
871,69,69,0,0,1622
871,41,41,0,0,2433
871,67,67,0,0,3244
871,87,87,0,0,4055
872,46,46,0,0,566
872,78,78,0,0,1132
872,48,48,0,0,1698
872,0,0,0,0,1698
872,88,88,0,0,2264
873,60,60,0,0,622
873,4,4,0,0,1244
873,81,81,0,0,1866
873,56,56,0,0,2488
873,54,54,0,0,3110
874,76,76,0,0,488
874,38,38,0,0,976
874,37,37,0,0,1464
874,79,79,0,0,1952
874,13,13,0,0,2440
875,31,31,0,0,197
875,7,7,0,0,394
875,32,32,0,0,591
875,64,64,0,0,788
875,6,6,0,0,985
876,6,6,0,0,111
876,32,32,0,0,222
876,37,37,0,0,333
876,57,57,0,0,444
876,73,73,0,0,555
877,89,89,0,0,645
877,71,71,0,0,1290
877,25,25,0,0,1935
877,44,44,0,0,2580
877,96,96,0,0,3225
878,67,67,0,0,718
878,72,72,0,0,1436
878,55,55,0,0,2154
878,88,88,0,0,2872
878,97,97,0,0,3590
879,62,62,0,0,428
879,58,58,0,0,856
879,77,77,0,0,1284
879,37,37,0,0,1712
879,60,60,0,0,2140
880,30,30,0,0,364
880,93,93,0,0,728
880,21,21,0,0,1092
880,2,2,0,0,1456
880,89,89,0,0,1820
881,18,18,0,0,767
881,72,72,0,0,1534
881,65,65,0,0,2301
881,96,96,0,0,3068
881,61,61,0,0,3835
882,86,86,0,0,998
882,92,92,0,0,1996
882,45,45,0,0,2994
882,37,37,0,0,3992
882,26,26,0,0,4990
883,30,30,0,0,926
883,13,13,0,0,1852
883,10,10,0,0,2778
883,13,13,0,0,3704
883,94,94,0,0,4630
884,93,93,0,0,214
884,29,29,0,0,428
884,22,22,0,0,642
884,28,28,0,0,856
884,100,100,0,0,1070
885,54,54,0,0,681
885,61,61,0,0,1362
885,76,76,0,0,2043
885,46,46,0,0,2724
885,92,92,0,0,3405
886,35,35,0,0,213
886,11,11,0,0,426
886,93,93,0,0,639
886,80,80,0,0,852
886,51,51,0,0,1065
887,94,94,0,0,543
887,30,30,0,0,1086
887,86,86,0,0,1629
887,25,25,0,0,2172
887,24,24,0,0,2715
888,28,28,0,0,690
888,42,42,0,0,1380
888,51,51,0,0,2070
888,18,18,0,0,2760
888,58,58,0,0,3450
889,72,72,0,0,747
889,80,80,0,0,1494
889,33,33,0,0,2241
889,31,31,0,0,2988
889,66,66,0,0,3735
890,3,3,0,0,997
890,20,20,0,0,1994
890,5,5,0,0,2991
890,99,99,0,0,3988
890,9,9,0,0,4985
891,98,98,0,0,162
891,26,26,0,0,324
891,63,63,0,0,486
891,70,70,0,0,648
891,54,54,0,0,810
892,25,25,0,0,179
892,25,25,0,0,358
892,42,42,0,0,537
892,31,31,0,0,716
892,56,56,0,0,895
893,78,78,0,0,164
893,89,89,0,0,328
893,83,83,0,0,492
893,47,47,0,0,656
893,33,33,0,0,820
894,68,68,0,0,805
894,65,65,0,0,1610
894,35,35,0,0,2415
894,87,87,0,0,3220
894,5,5,0,0,4025
895,32,32,0,0,103
895,63,63,0,0,206
895,82,82,0,0,309
895,71,71,0,0,412
895,13,13,0,0,515
896,96,96,0,0,236
896,34,34,0,0,472
896,75,75,0,0,708
896,78,78,0,0,944
896,18,18,0,0,1180
897,84,84,0,0,763
897,90,90,0,0,1526
897,76,76,0,0,2289
897,58,58,0,0,3052
897,44,44,0,0,3815
898,60,60,0,0,737
898,41,41,0,0,1474
898,61,61,0,0,2211
898,62,62,0,0,2948
898,0,0,0,0,2948
899,79,79,0,0,531
899,99,99,0,0,1062
899,77,77,0,0,1593
899,20,20,0,0,2124
899,6,6,0,0,2655
900,26,26,0,0,410
900,70,70,0,0,820
900,95,95,0,0,1230
900,36,36,0,0,1640
900,9,9,0,0,2050
901,2,2,0,0,295
901,60,60,0,0,590
901,9,9,0,0,885
901,42,42,0,0,1180
901,53,53,0,0,1475
902,92,92,0,0,782
902,80,80,0,0,1564
902,64,64,0,0,2346
902,15,15,0,0,3128
902,7,7,0,0,3910
903,77,77,0,0,136
903,47,47,0,0,272
903,85,85,0,0,408
903,42,42,0,0,544
903,80,80,0,0,680
904,67,67,0,0,975
904,21,21,0,0,1950
904,61,61,0,0,2925
904,0,0,0,0,2925
904,8,8,0,0,3900
905,22,22,0,0,676
905,94,94,0,0,1352
905,61,61,0,0,2028
905,22,22,0,0,2704
905,51,51,0,0,3380
906,36,36,0,0,657
906,44,44,0,0,1314
906,75,75,0,0,1971
906,77,77,0,0,2628
906,29,29,0,0,3285
907,89,89,0,0,659
907,66,66,0,0,1318
907,34,34,0,0,1977
907,48,48,0,0,2636
907,80,80,0,0,3295
908,76,76,0,0,267
908,20,20,0,0,534
908,72,72,0,0,801
908,40,40,0,0,1068
908,76,76,0,0,1335
909,90,90,0,0,985
909,5,5,0,0,1970
909,52,52,0,0,2955
909,23,23,0,0,3940
909,79,79,0,0,4925
910,91,91,0,0,351
910,7,7,0,0,702
910,42,42,0,0,1053
910,22,22,0,0,1404
910,56,56,0,0,1755
911,60,60,0,0,970
911,79,79,0,0,1940
911,25,25,0,0,2910
911,63,63,0,0,3880
911,96,96,0,0,4850
912,5,5,0,0,959
912,63,63,0,0,1918
912,62,62,0,0,2877
912,54,54,0,0,3836
912,70,70,0,0,4795
913,66,66,0,0,433
913,14,14,0,0,866
913,89,89,0,0,1299
913,8,8,0,0,1732
913,82,82,0,0,2165
914,3,3,0,0,110
914,44,44,0,0,220
914,72,72,0,0,330
914,25,25,0,0,440
914,52,52,0,0,550
915,46,46,0,0,333
915,63,63,0,0,666
915,55,55,0,0,999
915,54,54,0,0,1332
915,31,31,0,0,1665
916,48,48,0,0,559
916,12,12,0,0,1118
916,96,96,0,0,1677
916,38,38,0,0,2236
916,16,16,0,0,2795
917,93,93,0,0,500
917,58,58,0,0,1000
917,51,51,0,0,1500
917,56,56,0,0,2000
917,2,2,0,0,2500
918,49,49,0,0,142
918,0,0,0,0,142
918,69,69,0,0,284
918,29,29,0,0,426
918,52,52,0,0,568
919,54,54,0,0,830
919,37,37,0,0,1660
919,9,9,0,0,2490
919,77,77,0,0,3320
919,61,61,0,0,4150
920,23,23,0,0,706
920,80,80,0,0,1412
920,88,88,0,0,2118
920,41,41,0,0,2824
920,40,40,0,0,3530
921,44,44,0,0,462
921,56,56,0,0,924
921,11,11,0,0,1386
921,82,82,0,0,1848
921,80,80,0,0,2310
922,20,20,0,0,491
922,37,37,0,0,982
922,74,74,0,0,1473
922,42,42,0,0,1964
922,73,73,0,0,2455
923,27,27,0,0,159
923,91,91,0,0,318
923,39,39,0,0,477
923,93,93,0,0,636
923,93,93,0,0,795
924,66,66,0,0,925
924,42,42,0,0,1850
924,43,43,0,0,2775
924,83,83,0,0,3700
924,63,63,0,0,4625
925,60,60,0,0,375
925,80,80,0,0,750
925,54,54,0,0,1125
925,91,91,0,0,1500
925,74,74,0,0,1875
926,15,15,0,0,342
926,90,90,0,0,684
926,94,94,0,0,1026
926,42,42,0,0,1368
926,7,7,0,0,1710
927,61,61,0,0,661
927,60,60,0,0,1322
927,50,50,0,0,1983
927,13,13,0,0,2644
927,36,36,0,0,3305
928,87,87,0,0,655
928,46,46,0,0,1310
928,41,41,0,0,1965
928,96,96,0,0,2620
928,42,42,0,0,3275
929,12,12,0,0,404
929,47,47,0,0,808
929,16,16,0,0,1212
929,35,35,0,0,1616
929,6,6,0,0,2020
930,16,16,0,0,946
930,38,38,0,0,1892
930,42,42,0,0,2838
930,8,8,0,0,3784
930,20,20,0,0,4730
931,53,53,0,0,776
931,34,34,0,0,1552
931,70,70,0,0,2328
931,55,55,0,0,3104
931,70,70,0,0,3880
932,1,1,0,0,469
932,24,24,0,0,938
932,37,37,0,0,1407
932,35,35,0,0,1876
932,3,3,0,0,2345
933,43,43,0,0,340
933,44,44,0,0,680
933,14,14,0,0,1020
933,28,28,0,0,1360
933,72,72,0,0,1700
934,92,92,0,0,465
934,35,35,0,0,930
934,89,89,0,0,1395
934,22,22,0,0,1860
934,92,92,0,0,2325
935,84,84,0,0,553
935,23,23,0,0,1106
935,91,91,0,0,1659
935,31,31,0,0,2212
935,93,93,0,0,2765
936,42,42,0,0,866
936,24,24,0,0,1732
936,71,71,0,0,2598
936,95,95,0,0,3464
936,78,78,0,0,4330
937,25,25,0,0,197
937,85,85,0,0,394
937,47,47,0,0,591
937,30,30,0,0,788
937,4,4,0,0,985
938,12,12,0,0,836
938,81,81,0,0,1672
938,49,49,0,0,2508
938,69,69,0,0,3344
938,29,29,0,0,4180
939,31,31,0,0,621
939,50,50,0,0,1242
939,84,84,0,0,1863
939,32,32,0,0,2484
939,51,51,0,0,3105
940,16,16,0,0,647
940,28,28,0,0,1294
940,21,21,0,0,1941
940,50,50,0,0,2588
940,94,94,0,0,3235
941,33,33,0,0,929
941,30,30,0,0,1858
941,82,82,0,0,2787
941,40,40,0,0,3716
941,100,100,0,0,4645
942,48,48,0,0,604
942,2,2,0,0,1208
942,100,100,0,0,1812
942,42,42,0,0,2416
942,93,93,0,0,3020
943,47,47,0,0,371
943,21,21,0,0,742
943,76,76,0,0,1113
943,45,45,0,0,1484
943,45,45,0,0,1855
944,66,66,0,0,810
944,38,38,0,0,1620
944,69,69,0,0,2430
944,77,77,0,0,3240
944,14,14,0,0,4050
945,89,89,0,0,147
945,7,7,0,0,294
945,49,49,0,0,441
945,83,83,0,0,588
945,1,1,0,0,735
946,11,11,0,0,546
946,26,26,0,0,1092
946,55,55,0,0,1638
946,42,42,0,0,2184
946,6,6,0,0,2730
947,7,7,0,0,328
947,61,61,0,0,656
947,30,30,0,0,984
947,44,44,0,0,1312
947,69,69,0,0,1640
948,40,40,0,0,901
948,77,77,0,0,1802
948,63,63,0,0,2703
948,35,35,0,0,3604
948,59,59,0,0,4505
949,96,96,0,0,425
949,1,1,0,0,850
949,70,70,0,0,1275
949,67,67,0,0,1700
949,67,67,0,0,2125
950,24,24,0,0,535
950,75,75,0,0,1070
950,91,91,0,0,1605
950,72,72,0,0,2140
950,87,87,0,0,2675
951,70,70,0,0,478
951,62,62,0,0,956
951,43,43,0,0,1434
951,32,32,0,0,1912
951,61,61,0,0,2390
952,71,71,0,0,774
952,85,85,0,0,1548
952,73,73,0,0,2322
952,50,50,0,0,3096
952,62,62,0,0,3870
953,66,66,0,0,167
953,67,67,0,0,334
953,71,71,0,0,501
953,25,25,0,0,668
953,74,74,0,0,835
954,87,87,0,0,552
954,63,63,0,0,1104
954,93,93,0,0,1656
954,70,70,0,0,2208
954,74,74,0,0,2760
955,89,89,0,0,731
955,86,86,0,0,1462
955,66,66,0,0,2193
955,65,65,0,0,2924
955,1,1,0,0,3655
956,58,58,0,0,288
956,18,18,0,0,576
956,61,61,0,0,864
956,25,25,0,0,1152
956,34,34,0,0,1440
957,61,61,0,0,584
957,65,65,0,0,1168
957,30,30,0,0,1752
957,76,76,0,0,2336
957,94,94,0,0,2920
958,56,56,0,0,312
958,23,23,0,0,624
958,75,75,0,0,936
958,74,74,0,0,1248
958,63,63,0,0,1560
959,38,38,0,0,360
959,14,14,0,0,720
959,73,73,0,0,1080
959,64,64,0,0,1440
959,15,15,0,0,1800
960,83,83,0,0,398
960,44,44,0,0,796
960,60,60,0,0,1194
960,26,26,0,0,1592
960,33,33,0,0,1990
961,41,41,0,0,663
961,39,39,0,0,1326
961,44,44,0,0,1989
961,61,61,0,0,2652
961,49,49,0,0,3315
962,49,49,0,0,182
962,51,51,0,0,364
962,38,38,0,0,546
962,18,18,0,0,728
962,32,32,0,0,910
963,71,71,0,0,116
963,3,3,0,0,232
963,6,6,0,0,348
963,22,22,0,0,464
963,40,40,0,0,580
964,18,18,0,0,951
964,81,81,0,0,1902
964,7,7,0,0,2853
964,72,72,0,0,3804
964,13,13,0,0,4755
965,42,42,0,0,411
965,90,90,0,0,822
965,56,56,0,0,1233
965,34,34,0,0,1644
965,59,59,0,0,2055
966,99,99,0,0,657
966,87,87,0,0,1314
966,82,82,0,0,1971
966,11,11,0,0,2628
966,47,47,0,0,3285
967,0,0,0,0,0
967,79,79,0,0,282
967,73,73,0,0,564
967,81,81,0,0,846
967,35,35,0,0,1128
968,18,18,0,0,506
968,0,0,0,0,506
968,72,72,0,0,1012
968,45,45,0,0,1518
968,83,83,0,0,2024
969,58,58,0,0,615
969,46,46,0,0,1230
969,97,97,0,0,1845
969,6,6,0,0,2460
969,29,29,0,0,3075
970,10,10,0,0,545
970,87,87,0,0,1090
970,20,20,0,0,1635
970,10,10,0,0,2180
970,40,40,0,0,2725
971,18,18,0,0,775
971,76,76,0,0,1550
971,50,50,0,0,2325
971,52,52,0,0,3100
971,35,35,0,0,3875
972,24,24,0,0,184
972,66,66,0,0,368
972,44,44,0,0,552
972,29,29,0,0,736
972,32,32,0,0,920
973,82,82,0,0,931
973,14,14,0,0,1862
973,93,93,0,0,2793
973,85,85,0,0,3724
973,71,71,0,0,4655
974,41,41,0,0,253
974,36,36,0,0,506
974,80,80,0,0,759
974,56,56,0,0,1012
974,67,67,0,0,1265
975,58,58,0,0,223
975,87,87,0,0,446
975,38,38,0,0,669
975,27,27,0,0,892
975,65,65,0,0,1115
976,69,69,0,0,235
976,43,43,0,0,470
976,38,38,0,0,705
976,16,16,0,0,940
976,98,98,0,0,1175
977,44,44,0,0,243
977,51,51,0,0,486
977,53,53,0,0,729
977,80,80,0,0,972
977,44,44,0,0,1215
978,82,82,0,0,202
978,2,2,0,0,404
978,47,47,0,0,606
978,34,34,0,0,808
978,62,62,0,0,1010
979,36,36,0,0,329
979,45,45,0,0,658
979,74,74,0,0,987
979,1,1,0,0,1316
979,90,90,0,0,1645
980,1,1,0,0,689
980,98,98,0,0,1378
980,60,60,0,0,2067
980,84,84,0,0,2756
980,83,83,0,0,3445
981,62,62,0,0,287
981,49,49,0,0,574
981,52,52,0,0,861
981,33,33,0,0,1148
981,88,88,0,0,1435
982,55,55,0,0,551
982,92,92,0,0,1102
982,61,61,0,0,1653
982,1,1,0,0,2204
982,35,35,0,0,2755
983,98,98,0,0,926
983,33,33,0,0,1852
983,73,73,0,0,2778
983,37,37,0,0,3704
983,63,63,0,0,4630
984,39,39,0,0,952
984,12,12,0,0,1904
984,83,83,0,0,2856
984,12,12,0,0,3808
984,2,2,0,0,4760
985,11,11,0,0,407
985,97,97,0,0,814
985,8,8,0,0,1221
985,16,16,0,0,1628
985,26,26,0,0,2035
986,30,30,0,0,172
986,23,23,0,0,344
986,45,45,0,0,516
986,56,56,0,0,688
986,82,82,0,0,860
987,46,46,0,0,134
987,61,61,0,0,268
987,58,58,0,0,402
987,40,40,0,0,536
987,79,79,0,0,670
988,31,31,0,0,923
988,0,0,0,0,923
988,77,77,0,0,1846
988,20,20,0,0,2769
988,1,1,0,0,3692
989,79,79,0,0,502
989,47,47,0,0,1004
989,51,51,0,0,1506
989,18,18,0,0,2008
989,85,85,0,0,2510
990,11,11,0,0,612
990,79,79,0,0,1224
990,48,48,0,0,1836
990,5,5,0,0,2448
990,94,94,0,0,3060
991,42,42,0,0,586
991,39,39,0,0,1172
991,14,14,0,0,1758
991,98,98,0,0,2344
991,15,15,0,0,2930
992,75,75,0,0,560
992,38,38,0,0,1120
992,46,46,0,0,1680
992,72,72,0,0,2240
992,100,100,0,0,2800
993,93,93,0,0,943
993,54,54,0,0,1886
993,34,34,0,0,2829
993,31,31,0,0,3772
993,4,4,0,0,4715
994,63,63,0,0,628
994,3,3,0,0,1256
994,29,29,0,0,1884
994,20,20,0,0,2512
994,44,44,0,0,3140
995,23,23,0,0,856
995,56,56,0,0,1712
995,39,39,0,0,2568
995,60,60,0,0,3424
995,7,7,0,0,4280
996,46,46,0,0,502
996,84,84,0,0,1004
996,37,37,0,0,1506
996,21,21,0,0,2008
996,94,94,0,0,2510
997,20,20,0,0,413
997,71,71,0,0,826
997,18,18,0,0,1239
997,38,38,0,0,1652
997,26,26,0,0,2065
998,2,2,0,0,405
998,69,69,0,0,810
998,88,88,0,0,1215
998,5,5,0,0,1620
998,5,5,0,0,2025
999,64,64,0,0,937
999,2,2,0,0,1874
999,90,90,0,0,2811
999,44,44,0,0,3748
999,28,28,0,0,4685
1000,84,84,0,0,609
1000,61,61,0,0,1218
1000,35,35,0,0,1827
1000,86,86,0,0,2436
1000,42,42,0,0,3045
